ticker,ccy,date,PX_LAST
BISBUSR Index,USD,2004-12-31,107.94
BISBUSR Index,USD,2005-01-31,108.74
BISBUSR Index,USD,2005-02-28,108.95
BISBUSR Index,USD,2005-03-31,108.89
BISBUSR Index,USD,2005-04-30,110.38
BISBUSR Index,USD,2005-05-31,110.65
BISBUSR Index,USD,2005-06-30,111.96
BISBUSR Index,USD,2005-07-31,112.68
BISBUSR Index,USD,2005-08-31,111.52
BISBUSR Index,USD,2005-09-30,112.19
BISBUSR Index,USD,2005-10-31,113.49
BISBUSR Index,USD,2005-11-30,113.42
BISBUSR Index,USD,2005-12-31,112.02
BISBUSR Index,USD,2006-01-31,110.99
BISBUSR Index,USD,2006-02-28,111.16
BISBUSR Index,USD,2006-03-31,111.84
BISBUSR Index,USD,2006-04-30,111.52
BISBUSR Index,USD,2006-05-31,109.55
BISBUSR Index,USD,2006-06-30,111.26
BISBUSR Index,USD,2006-07-31,111.21
BISBUSR Index,USD,2006-08-31,110.39
BISBUSR Index,USD,2006-09-30,109.93
BISBUSR Index,USD,2006-10-31,109.69
BISBUSR Index,USD,2006-11-30,108.35
BISBUSR Index,USD,2006-12-31,107.08
BISBUSR Index,USD,2007-01-31,108.49
BISBUSR Index,USD,2007-02-28,108.23
BISBUSR Index,USD,2007-03-31,108.34
BISBUSR Index,USD,2007-04-30,107.23
BISBUSR Index,USD,2007-05-31,106.77
BISBUSR Index,USD,2007-06-30,106.64
BISBUSR Index,USD,2007-07-31,105
BISBUSR Index,USD,2007-08-31,104.97
BISBUSR Index,USD,2007-09-30,103.46
BISBUSR Index,USD,2007-10-31,101.21
BISBUSR Index,USD,2007-11-30,99.69
BISBUSR Index,USD,2007-12-31,100.13
BISBUSR Index,USD,2008-01-31,99.51
BISBUSR Index,USD,2008-02-29,98.15
BISBUSR Index,USD,2008-03-31,96.65
BISBUSR Index,USD,2008-04-30,96.37
BISBUSR Index,USD,2008-05-31,97.09
BISBUSR Index,USD,2008-06-30,97.71
BISBUSR Index,USD,2008-07-31,97.12
BISBUSR Index,USD,2008-08-31,99.06
BISBUSR Index,USD,2008-09-30,101.14
BISBUSR Index,USD,2008-10-31,106.82
BISBUSR Index,USD,2008-11-30,107.9
BISBUSR Index,USD,2008-12-31,106.09
BISBUSR Index,USD,2009-01-31,107.17
BISBUSR Index,USD,2009-02-28,110.06
BISBUSR Index,USD,2009-03-31,110.69
BISBUSR Index,USD,2009-04-30,108.08
BISBUSR Index,USD,2009-05-31,105.04
BISBUSR Index,USD,2009-06-30,104.63
BISBUSR Index,USD,2009-07-31,104.17
BISBUSR Index,USD,2009-08-31,102.72
BISBUSR Index,USD,2009-09-30,101.81
BISBUSR Index,USD,2009-10-31,100.35
BISBUSR Index,USD,2009-11-30,99.66
BISBUSR Index,USD,2009-12-31,99.58
BISBUSR Index,USD,2010-01-31,100.09
BISBUSR Index,USD,2010-02-28,101.08
BISBUSR Index,USD,2010-03-31,100.5
BISBUSR Index,USD,2010-04-30,99.92
BISBUSR Index,USD,2010-05-31,102.91
BISBUSR Index,USD,2010-06-30,103.63
BISBUSR Index,USD,2010-07-31,101.84
BISBUSR Index,USD,2010-08-31,100.79
BISBUSR Index,USD,2010-09-30,99.59
BISBUSR Index,USD,2010-10-31,96.4
BISBUSR Index,USD,2010-11-30,96.34
BISBUSR Index,USD,2010-12-31,96.92
BISBUSR Index,USD,2011-01-31,95.96
BISBUSR Index,USD,2011-02-28,95.17
BISBUSR Index,USD,2011-03-31,94.74
BISBUSR Index,USD,2011-04-30,93.48
BISBUSR Index,USD,2011-05-31,93.67
BISBUSR Index,USD,2011-06-30,93.64
BISBUSR Index,USD,2011-07-31,93
BISBUSR Index,USD,2011-08-31,93.51
BISBUSR Index,USD,2011-09-30,96.04
BISBUSR Index,USD,2011-10-31,96.62
BISBUSR Index,USD,2011-11-30,96.99
BISBUSR Index,USD,2011-12-31,97.36
BISBUSR Index,USD,2012-01-31,97.02
BISBUSR Index,USD,2012-02-29,95.45
BISBUSR Index,USD,2012-03-31,96.29
BISBUSR Index,USD,2012-04-30,96.69
BISBUSR Index,USD,2012-05-31,98.42
BISBUSR Index,USD,2012-06-30,99.81
BISBUSR Index,USD,2012-07-31,99.13
BISBUSR Index,USD,2012-08-31,98.45
BISBUSR Index,USD,2012-09-30,96.95
BISBUSR Index,USD,2012-10-31,96.38
BISBUSR Index,USD,2012-11-30,96.56
BISBUSR Index,USD,2012-12-31,95.4
BISBUSR Index,USD,2013-01-31,95.61
BISBUSR Index,USD,2013-02-28,96.51
BISBUSR Index,USD,2013-03-31,97.58
BISBUSR Index,USD,2013-04-30,97
BISBUSR Index,USD,2013-05-31,97.68
BISBUSR Index,USD,2013-06-30,98.49
BISBUSR Index,USD,2013-07-31,99.02
BISBUSR Index,USD,2013-08-31,98.71
BISBUSR Index,USD,2013-09-30,98.22
BISBUSR Index,USD,2013-10-31,96.83
BISBUSR Index,USD,2013-11-30,97.3
BISBUSR Index,USD,2013-12-31,97.24
BISBUSR Index,USD,2014-01-31,98.34
BISBUSR Index,USD,2014-02-28,98.43
BISBUSR Index,USD,2014-03-31,98.74
BISBUSR Index,USD,2014-04-30,98.47
BISBUSR Index,USD,2014-05-31,98.34
BISBUSR Index,USD,2014-06-30,98.65
BISBUSR Index,USD,2014-07-31,98.35
BISBUSR Index,USD,2014-08-31,98.93
BISBUSR Index,USD,2014-09-30,100.16
BISBUSR Index,USD,2014-10-31,101.09
BISBUSR Index,USD,2014-11-30,102.29
BISBUSR Index,USD,2014-12-31,103.99
BISBUSR Index,USD,2015-01-31,105.97
BISBUSR Index,USD,2015-02-28,107.31
BISBUSR Index,USD,2015-03-31,109.52
BISBUSR Index,USD,2015-04-30,108.91
BISBUSR Index,USD,2015-05-31,108.34
BISBUSR Index,USD,2015-06-30,109.4
BISBUSR Index,USD,2015-07-31,111.16
BISBUSR Index,USD,2015-08-31,112.7
BISBUSR Index,USD,2015-09-30,113.09
BISBUSR Index,USD,2015-10-31,111.95
BISBUSR Index,USD,2015-11-30,113.42
BISBUSR Index,USD,2015-12-31,114
BISBUSR Index,USD,2016-01-31,116.66
BISBUSR Index,USD,2016-02-29,114.95
BISBUSR Index,USD,2016-03-31,113.06
BISBUSR Index,USD,2016-04-30,111.57
BISBUSR Index,USD,2016-05-31,113.06
BISBUSR Index,USD,2016-06-30,113.65
BISBUSR Index,USD,2016-07-31,114.05
BISBUSR Index,USD,2016-08-31,112.97
BISBUSR Index,USD,2016-09-30,113.66
BISBUSR Index,USD,2016-10-31,114.53
BISBUSR Index,USD,2016-11-30,117.09
BISBUSR Index,USD,2016-12-31,118.86
BISBUSR Index,USD,2017-01-31,118.95
BISBUSR Index,USD,2017-02-28,117.19
BISBUSR Index,USD,2017-03-31,116.63
BISBUSR Index,USD,2017-04-30,115.81
BISBUSR Index,USD,2017-05-31,115.41
BISBUSR Index,USD,2017-06-30,113.91
BISBUSR Index,USD,2017-07-31,112.24
BISBUSR Index,USD,2017-08-31,110.81
BISBUSR Index,USD,2017-09-30,109.94
BISBUSR Index,USD,2017-10-31,111.59
BISBUSR Index,USD,2017-11-30,111.54
BISBUSR Index,USD,2017-12-31,110.81
BISBUSR Index,USD,2018-01-31,108.76
BISBUSR Index,USD,2018-02-28,110.55
BISBUSR Index,USD,2018-03-31,111.43
BISBUSR Index,USD,2018-04-30,111.85
BISBUSR Index,USD,2018-05-31,115.36
BISBUSR Index,USD,2018-06-30,117.34
BISBNZR Index,NZD,2004-12-31,106.29
BISBNZR Index,NZD,2005-01-31,105.1
BISBNZR Index,NZD,2005-02-28,106.07
BISBNZR Index,NZD,2005-03-31,107.71
BISBNZR Index,NZD,2005-04-30,107.49
BISBNZR Index,NZD,2005-05-31,108.09
BISBNZR Index,NZD,2005-06-30,108.29
BISBNZR Index,NZD,2005-07-31,105.11
BISBNZR Index,NZD,2005-08-31,106.47
BISBNZR Index,NZD,2005-09-30,106.92
BISBNZR Index,NZD,2005-10-31,108.06
BISBNZR Index,NZD,2005-11-30,108.56
BISBNZR Index,NZD,2005-12-31,108.77
BISBNZR Index,NZD,2006-01-31,105.94
BISBNZR Index,NZD,2006-02-28,104.41
BISBNZR Index,NZD,2006-03-31,98.88
BISBNZR Index,NZD,2006-04-30,96.05
BISBNZR Index,NZD,2006-05-31,95.38
BISBNZR Index,NZD,2006-06-30,95.2
BISBNZR Index,NZD,2006-07-31,94.84
BISBNZR Index,NZD,2006-08-31,96.56
BISBNZR Index,NZD,2006-09-30,99.99
BISBNZR Index,NZD,2006-10-31,101.41
BISBNZR Index,NZD,2006-11-30,101.03
BISBNZR Index,NZD,2006-12-31,103.04
BISBNZR Index,NZD,2007-01-31,104.45
BISBNZR Index,NZD,2007-02-28,103.86
BISBNZR Index,NZD,2007-03-31,103.81
BISBNZR Index,NZD,2007-04-30,107.58
BISBNZR Index,NZD,2007-05-31,107.23
BISBNZR Index,NZD,2007-06-30,110.4
BISBNZR Index,NZD,2007-07-31,112.8
BISBNZR Index,NZD,2007-08-31,104.91
BISBNZR Index,NZD,2007-09-30,102.74
BISBNZR Index,NZD,2007-10-31,106.49
BISBNZR Index,NZD,2007-11-30,105.65
BISBNZR Index,NZD,2007-12-31,107.38
BISBNZR Index,NZD,2008-01-31,106.32
BISBNZR Index,NZD,2008-02-29,107.81
BISBNZR Index,NZD,2008-03-31,106.45
BISBNZR Index,NZD,2008-04-30,104.4
BISBNZR Index,NZD,2008-05-31,103.21
BISBNZR Index,NZD,2008-06-30,101.42
BISBNZR Index,NZD,2008-07-31,100
BISBNZR Index,NZD,2008-08-31,97.73
BISBNZR Index,NZD,2008-09-30,95.4
BISBNZR Index,NZD,2008-10-31,90.93
BISBNZR Index,NZD,2008-11-30,86.84
BISBNZR Index,NZD,2008-12-31,84.57
BISBNZR Index,NZD,2009-01-31,83.41
BISBNZR Index,NZD,2009-02-28,79.99
BISBNZR Index,NZD,2009-03-31,82.53
BISBNZR Index,NZD,2009-04-30,86.46
BISBNZR Index,NZD,2009-05-31,88.6
BISBNZR Index,NZD,2009-06-30,92.64
BISBNZR Index,NZD,2009-07-31,93.72
BISBNZR Index,NZD,2009-08-31,97.24
BISBNZR Index,NZD,2009-09-30,99.49
BISBNZR Index,NZD,2009-10-31,102.17
BISBNZR Index,NZD,2009-11-30,99.88
BISBNZR Index,NZD,2009-12-31,98.85
BISBNZR Index,NZD,2010-01-31,100.24
BISBNZR Index,NZD,2010-02-28,97.49
BISBNZR Index,NZD,2010-03-31,97.51
BISBNZR Index,NZD,2010-04-30,98.32
BISBNZR Index,NZD,2010-05-31,98.9
BISBNZR Index,NZD,2010-06-30,99.06
BISBNZR Index,NZD,2010-07-31,100.23
BISBNZR Index,NZD,2010-08-31,99.49
BISBNZR Index,NZD,2010-09-30,100.4
BISBNZR Index,NZD,2010-10-31,101.25
BISBNZR Index,NZD,2010-11-30,104.57
BISBNZR Index,NZD,2010-12-31,102.53
BISBNZR Index,NZD,2011-01-31,103.56
BISBNZR Index,NZD,2011-02-28,101.66
BISBNZR Index,NZD,2011-03-31,98.13
BISBNZR Index,NZD,2011-04-30,102.48
BISBNZR Index,NZD,2011-05-31,103.31
BISBNZR Index,NZD,2011-06-30,105.92
BISBNZR Index,NZD,2011-07-31,109.34
BISBNZR Index,NZD,2011-08-31,108.16
BISBNZR Index,NZD,2011-09-30,106.49
BISBNZR Index,NZD,2011-10-31,103.66
BISBNZR Index,NZD,2011-11-30,101.53
BISBNZR Index,NZD,2011-12-31,102.1
BISBNZR Index,NZD,2012-01-31,105.44
BISBNZR Index,NZD,2012-02-29,108.49
BISBNZR Index,NZD,2012-03-31,107.31
BISBNZR Index,NZD,2012-04-30,107.18
BISBNZR Index,NZD,2012-05-31,102.91
BISBNZR Index,NZD,2012-06-30,104.83
BISBNZR Index,NZD,2012-07-31,106.9
BISBNZR Index,NZD,2012-08-31,107.24
BISBNZR Index,NZD,2012-09-30,106.76
BISBNZR Index,NZD,2012-10-31,106.7
BISBNZR Index,NZD,2012-11-30,106.78
BISBNZR Index,NZD,2012-12-31,107.89
BISBNZR Index,NZD,2013-01-31,108.96
BISBNZR Index,NZD,2013-02-28,109.74
BISBNZR Index,NZD,2013-03-31,109.13
BISBNZR Index,NZD,2013-04-30,111.59
BISBNZR Index,NZD,2013-05-31,109.69
BISBNZR Index,NZD,2013-06-30,106.32
BISBNZR Index,NZD,2013-07-31,107.52
BISBNZR Index,NZD,2013-08-31,107.83
BISBNZR Index,NZD,2013-09-30,109.85
BISBNZR Index,NZD,2013-10-31,110.96
BISBNZR Index,NZD,2013-11-30,110.89
BISBNZR Index,NZD,2013-12-31,111.12
BISBNZR Index,NZD,2014-01-31,112.58
BISBNZR Index,NZD,2014-02-28,112.24
BISBNZR Index,NZD,2014-03-31,115.09
BISBNZR Index,NZD,2014-04-30,115.22
BISBNZR Index,NZD,2014-05-31,115.08
BISBNZR Index,NZD,2014-06-30,115.43
BISBNZR Index,NZD,2014-07-31,116.27
BISBNZR Index,NZD,2014-08-31,113.51
BISBNZR Index,NZD,2014-09-30,111.12
BISBNZR Index,NZD,2014-10-31,108.74
BISBNZR Index,NZD,2014-11-30,109.9
BISBNZR Index,NZD,2014-12-31,111.01
BISBNZR Index,NZD,2015-01-31,111.26
BISBNZR Index,NZD,2015-02-28,109.35
BISBNZR Index,NZD,2015-03-31,110.88
BISBNZR Index,NZD,2015-04-30,112.15
BISBNZR Index,NZD,2015-05-31,108.29
BISBNZR Index,NZD,2015-06-30,103.44
BISBNZR Index,NZD,2015-07-31,99.95
BISBNZR Index,NZD,2015-08-31,99.53
BISBNZR Index,NZD,2015-09-30,96.8
BISBNZR Index,NZD,2015-10-31,101.1
BISBNZR Index,NZD,2015-11-30,100.33
BISBNZR Index,NZD,2015-12-31,103.07
BISBNZR Index,NZD,2016-01-31,101.49
BISBNZR Index,NZD,2016-02-29,101.41
BISBNZR Index,NZD,2016-03-31,101.28
BISBNZR Index,NZD,2016-04-30,102.09
BISBNZR Index,NZD,2016-05-31,102.16
BISBNZR Index,NZD,2016-06-30,105.48
BISBNZR Index,NZD,2016-07-31,107.23
BISBNZR Index,NZD,2016-08-31,107.67
BISBNZR Index,NZD,2016-09-30,108.88
BISBNZR Index,NZD,2016-10-31,107.39
BISBNZR Index,NZD,2016-11-30,109.27
BISBNZR Index,NZD,2016-12-31,109.87
BISBNZR Index,NZD,2017-01-31,110.76
BISBNZR Index,NZD,2017-02-28,111.18
BISBNZR Index,NZD,2017-03-31,107.85
BISBNZR Index,NZD,2017-04-30,106.78
BISBNZR Index,NZD,2017-05-31,106.09
BISBNZR Index,NZD,2017-06-30,109.3
BISBNZR Index,NZD,2017-07-31,110.28
BISBNZR Index,NZD,2017-08-31,108
BISBNZR Index,NZD,2017-09-30,106.17
BISBNZR Index,NZD,2017-10-31,104.18
BISBNZR Index,NZD,2017-11-30,102.07
BISBNZR Index,NZD,2017-12-31,102.64
BISBNZR Index,NZD,2018-01-31,104.5
BISBNZR Index,NZD,2018-02-28,104.38
BISBNZR Index,NZD,2018-03-31,104.1
BISBNZR Index,NZD,2018-04-30,104.36
BISBNZR Index,NZD,2018-05-31,102.08
BISBNZR Index,NZD,2018-06-30,102.87
BISBEUR Index,EUR,2004-12-31,110.44
BISBEUR Index,EUR,2005-01-31,107.99
BISBEUR Index,EUR,2005-02-28,106.77
BISBEUR Index,EUR,2005-03-31,108.16
BISBEUR Index,EUR,2005-04-30,107.29
BISBEUR Index,EUR,2005-05-31,106.16
BISBEUR Index,EUR,2005-06-30,103.45
BISBEUR Index,EUR,2005-07-31,103.22
BISBEUR Index,EUR,2005-08-31,103.81
BISBEUR Index,EUR,2005-09-30,103.26
BISBEUR Index,EUR,2005-10-31,102.67
BISBEUR Index,EUR,2005-11-30,101.63
BISBEUR Index,EUR,2005-12-31,101.92
BISBEUR Index,EUR,2006-01-31,101.63
BISBEUR Index,EUR,2006-02-28,100.58
BISBEUR Index,EUR,2006-03-31,101.84
BISBEUR Index,EUR,2006-04-30,103.06
BISBEUR Index,EUR,2006-05-31,104.76
BISBEUR Index,EUR,2006-06-30,105.4
BISBEUR Index,EUR,2006-07-31,105.31
BISBEUR Index,EUR,2006-08-31,105.11
BISBEUR Index,EUR,2006-09-30,104.75
BISBEUR Index,EUR,2006-10-31,104.11
BISBEUR Index,EUR,2006-11-30,104.61
BISBEUR Index,EUR,2006-12-31,105.7
BISBEUR Index,EUR,2007-01-31,104.24
BISBEUR Index,EUR,2007-02-28,104.37
BISBEUR Index,EUR,2007-03-31,105.47
BISBEUR Index,EUR,2007-04-30,106.41
BISBEUR Index,EUR,2007-05-31,106.08
BISBEUR Index,EUR,2007-06-30,105.5
BISBEUR Index,EUR,2007-07-31,105.73
BISBEUR Index,EUR,2007-08-31,105.43
BISBEUR Index,EUR,2007-09-30,106.33
BISBEUR Index,EUR,2007-10-31,107.06
BISBEUR Index,EUR,2007-11-30,108.64
BISBEUR Index,EUR,2007-12-31,108.51
BISBEUR Index,EUR,2008-01-31,107.93
BISBEUR Index,EUR,2008-02-29,107.06
BISBEUR Index,EUR,2008-03-31,110.76
BISBEUR Index,EUR,2008-04-30,111.57
BISBEUR Index,EUR,2008-05-31,110.85
BISBEUR Index,EUR,2008-06-30,110.41
BISBEUR Index,EUR,2008-07-31,110.04
BISBEUR Index,EUR,2008-08-31,107.21
BISBEUR Index,EUR,2008-09-30,105.86
BISBEUR Index,EUR,2008-10-31,103.42
BISBEUR Index,EUR,2008-11-30,102.6
BISBEUR Index,EUR,2008-12-31,108.05
BISBEUR Index,EUR,2009-01-31,107.07
BISBEUR Index,EUR,2009-02-28,106.48
BISBEUR Index,EUR,2009-03-31,108.91
BISBEUR Index,EUR,2009-04-30,107.93
BISBEUR Index,EUR,2009-05-31,108.31
BISBEUR Index,EUR,2009-06-30,109.63
BISBEUR Index,EUR,2009-07-31,108.65
BISBEUR Index,EUR,2009-08-31,108.85
BISBEUR Index,EUR,2009-09-30,109.86
BISBEUR Index,EUR,2009-10-31,110.82
BISBEUR Index,EUR,2009-11-30,110.65
BISBEUR Index,EUR,2009-12-31,109.57
BISBEUR Index,EUR,2010-01-31,105.9
BISBEUR Index,EUR,2010-02-28,103.03
BISBEUR Index,EUR,2010-03-31,102.91
BISBEUR Index,EUR,2010-04-30,101.44
BISBEUR Index,EUR,2010-05-31,98.2
BISBEUR Index,EUR,2010-06-30,96.4
BISBEUR Index,EUR,2010-07-31,97.92
BISBEUR Index,EUR,2010-08-31,97.59
BISBEUR Index,EUR,2010-09-30,97.88
BISBEUR Index,EUR,2010-10-31,101.18
BISBEUR Index,EUR,2010-11-30,99.75
BISBEUR Index,EUR,2010-12-31,97.8
BISBEUR Index,EUR,2011-01-31,96.51
BISBEUR Index,EUR,2011-02-28,97.55
BISBEUR Index,EUR,2011-03-31,100.07
BISBEUR Index,EUR,2011-04-30,101.7
BISBEUR Index,EUR,2011-05-31,100.59
BISBEUR Index,EUR,2011-06-30,100.79
BISBEUR Index,EUR,2011-07-31,99.22
BISBEUR Index,EUR,2011-08-31,99.63
BISBEUR Index,EUR,2011-09-30,99.21
BISBEUR Index,EUR,2011-10-31,99.74
BISBEUR Index,EUR,2011-11-30,99.24
BISBEUR Index,EUR,2011-12-31,97.74
BISBEUR Index,EUR,2012-01-31,94.42
BISBEUR Index,EUR,2012-02-29,94.93
BISBEUR Index,EUR,2012-03-31,96.02
BISBEUR Index,EUR,2012-04-30,96.01
BISBEUR Index,EUR,2012-05-31,94.81
BISBEUR Index,EUR,2012-06-30,94.29
BISBEUR Index,EUR,2012-07-31,91.91
BISBEUR Index,EUR,2012-08-31,91.9
BISBEUR Index,EUR,2012-09-30,94.26
BISBEUR Index,EUR,2012-10-31,94.78
BISBEUR Index,EUR,2012-11-30,94.1
BISBEUR Index,EUR,2012-12-31,95.61
BISBEUR Index,EUR,2013-01-31,95.64
BISBEUR Index,EUR,2013-02-28,96.44
BISBEUR Index,EUR,2013-03-31,96.01
BISBEUR Index,EUR,2013-04-30,96.02
BISBEUR Index,EUR,2013-05-31,96.26
BISBEUR Index,EUR,2013-06-30,98.03
BISBEUR Index,EUR,2013-07-31,97.36
BISBEUR Index,EUR,2013-08-31,98.57
BISBEUR Index,EUR,2013-09-30,98.65
BISBEUR Index,EUR,2013-10-31,99.23
BISBEUR Index,EUR,2013-11-30,99.05
BISBEUR Index,EUR,2013-12-31,100.66
BISBEUR Index,EUR,2014-01-31,99.38
BISBEUR Index,EUR,2014-02-28,99.66
BISBEUR Index,EUR,2014-03-31,101.46
BISBEUR Index,EUR,2014-04-30,100.94
BISBEUR Index,EUR,2014-05-31,99.85
BISBEUR Index,EUR,2014-06-30,99.02
BISBEUR Index,EUR,2014-07-31,97.89
BISBEUR Index,EUR,2014-08-31,97.34
BISBEUR Index,EUR,2014-09-30,96.1
BISBEUR Index,EUR,2014-10-31,95.44
BISBEUR Index,EUR,2014-11-30,95.52
BISBEUR Index,EUR,2014-12-31,96.28
BISBEUR Index,EUR,2015-01-31,91.46
BISBEUR Index,EUR,2015-02-28,89.87
BISBEUR Index,EUR,2015-03-31,87.91
BISBEUR Index,EUR,2015-04-30,86.89
BISBEUR Index,EUR,2015-05-31,88.69
BISBEUR Index,EUR,2015-06-30,89.72
BISBEUR Index,EUR,2015-07-31,88.3
BISBEUR Index,EUR,2015-08-31,90.73
BISBEUR Index,EUR,2015-09-30,92.18
BISBEUR Index,EUR,2015-10-31,91.71
BISBEUR Index,EUR,2015-11-30,88.91
BISBEUR Index,EUR,2015-12-31,90.63
BISBEUR Index,EUR,2016-01-31,90.71
BISBEUR Index,EUR,2016-02-29,91.55
BISBEUR Index,EUR,2016-03-31,91.54
BISBEUR Index,EUR,2016-04-30,91.91
BISBEUR Index,EUR,2016-05-31,92.47
BISBEUR Index,EUR,2016-06-30,92
BISBEUR Index,EUR,2016-07-31,91.1
BISBEUR Index,EUR,2016-08-31,91.51
BISBEUR Index,EUR,2016-09-30,91.85
BISBEUR Index,EUR,2016-10-31,91.59
BISBEUR Index,EUR,2016-11-30,91.13
BISBEUR Index,EUR,2016-12-31,90.52
BISBEUR Index,EUR,2017-01-31,89.7
BISBEUR Index,EUR,2017-02-28,89.02
BISBEUR Index,EUR,2017-03-31,90.04
BISBEUR Index,EUR,2017-04-30,89.79
BISBEUR Index,EUR,2017-05-31,91.54
BISBEUR Index,EUR,2017-06-30,92.39
BISBEUR Index,EUR,2017-07-31,93.43
BISBEUR Index,EUR,2017-08-31,94.88
BISBEUR Index,EUR,2017-09-30,94.98
BISBEUR Index,EUR,2017-10-31,94.64
BISBEUR Index,EUR,2017-11-30,94.66
BISBEUR Index,EUR,2017-12-31,95.07
BISBEUR Index,EUR,2018-01-31,94.62
BISBEUR Index,EUR,2018-02-28,95.68
BISBEUR Index,EUR,2018-03-31,97.06
BISBEUR Index,EUR,2018-04-30,97.3
BISBEUR Index,EUR,2018-05-31,96.48
BISBEUR Index,EUR,2018-06-30,96.41
BISBNOR Index,NOK,2004-12-31,98.66
BISBNOR Index,NOK,2005-01-31,98.19
BISBNOR Index,NOK,2005-02-28,96.19
BISBNOR Index,NOK,2005-03-31,98.17
BISBNOR Index,NOK,2005-04-30,98.18
BISBNOR Index,NOK,2005-05-31,99.08
BISBNOR Index,NOK,2005-06-30,100.24
BISBNOR Index,NOK,2005-07-31,99.99
BISBNOR Index,NOK,2005-08-31,100.06
BISBNOR Index,NOK,2005-09-30,101.38
BISBNOR Index,NOK,2005-10-31,100.81
BISBNOR Index,NOK,2005-11-30,100.89
BISBNOR Index,NOK,2005-12-31,98.57
BISBNOR Index,NOK,2006-01-31,97.78
BISBNOR Index,NOK,2006-02-28,97.59
BISBNOR Index,NOK,2006-03-31,98.9
BISBNOR Index,NOK,2006-04-30,101.31
BISBNOR Index,NOK,2006-05-31,102.29
BISBNOR Index,NOK,2006-06-30,101.43
BISBNOR Index,NOK,2006-07-31,100.12
BISBNOR Index,NOK,2006-08-31,99.27
BISBNOR Index,NOK,2006-09-30,97.25
BISBNOR Index,NOK,2006-10-31,95.42
BISBNOR Index,NOK,2006-11-30,97.07
BISBNOR Index,NOK,2006-12-31,97.73
BISBNOR Index,NOK,2007-01-31,95.11
BISBNOR Index,NOK,2007-02-28,97.56
BISBNOR Index,NOK,2007-03-31,97.57
BISBNOR Index,NOK,2007-04-30,97.52
BISBNOR Index,NOK,2007-05-31,97.04
BISBNOR Index,NOK,2007-06-30,97.71
BISBNOR Index,NOK,2007-07-31,99.14
BISBNOR Index,NOK,2007-08-31,98.54
BISBNOR Index,NOK,2007-09-30,100.97
BISBNOR Index,NOK,2007-10-31,102.74
BISBNOR Index,NOK,2007-11-30,101.37
BISBNOR Index,NOK,2007-12-31,101.22
BISBNOR Index,NOK,2008-01-31,101.67
BISBNOR Index,NOK,2008-02-29,101.44
BISBNOR Index,NOK,2008-03-31,102.15
BISBNOR Index,NOK,2008-04-30,102.28
BISBNOR Index,NOK,2008-05-31,102.67
BISBNOR Index,NOK,2008-06-30,100.81
BISBNOR Index,NOK,2008-07-31,100.83
BISBNOR Index,NOK,2008-08-31,100.58
BISBNOR Index,NOK,2008-09-30,99.02
BISBNOR Index,NOK,2008-10-31,93.35
BISBNOR Index,NOK,2008-11-30,90.95
BISBNOR Index,NOK,2008-12-31,88.15
BISBNOR Index,NOK,2009-01-31,89.88
BISBNOR Index,NOK,2009-02-28,94.48
BISBNOR Index,NOK,2009-03-31,94.97
BISBNOR Index,NOK,2009-04-30,94.84
BISBNOR Index,NOK,2009-05-31,94.87
BISBNOR Index,NOK,2009-06-30,94.62
BISBNOR Index,NOK,2009-07-31,94.14
BISBNOR Index,NOK,2009-08-31,96.2
BISBNOR Index,NOK,2009-09-30,98.07
BISBNOR Index,NOK,2009-10-31,101.04
BISBNOR Index,NOK,2009-11-30,100.54
BISBNOR Index,NOK,2009-12-31,100.22
BISBNOR Index,NOK,2010-01-31,101.86
BISBNOR Index,NOK,2010-02-28,101.97
BISBNOR Index,NOK,2010-03-31,102.01
BISBNOR Index,NOK,2010-04-30,102.41
BISBNOR Index,NOK,2010-05-31,100.52
BISBNOR Index,NOK,2010-06-30,99.2
BISBNOR Index,NOK,2010-07-31,98.43
BISBNOR Index,NOK,2010-08-31,98.84
BISBNOR Index,NOK,2010-09-30,99.27
BISBNOR Index,NOK,2010-10-31,98.45
BISBNOR Index,NOK,2010-11-30,97.42
BISBNOR Index,NOK,2010-12-31,99.62
BISBNOR Index,NOK,2011-01-31,99.78
BISBNOR Index,NOK,2011-02-28,100.08
BISBNOR Index,NOK,2011-03-31,100.63
BISBNOR Index,NOK,2011-04-30,101.92
BISBNOR Index,NOK,2011-05-31,100.65
BISBNOR Index,NOK,2011-06-30,100.84
BISBNOR Index,NOK,2011-07-31,100.8
BISBNOR Index,NOK,2011-08-31,100.23
BISBNOR Index,NOK,2011-09-30,100.76
BISBNOR Index,NOK,2011-10-31,100.22
BISBNOR Index,NOK,2011-11-30,99.34
BISBNOR Index,NOK,2011-12-31,98.69
BISBNOR Index,NOK,2012-01-31,98.19
BISBNOR Index,NOK,2012-02-29,100.68
BISBNOR Index,NOK,2012-03-31,100.41
BISBNOR Index,NOK,2012-04-30,99.51
BISBNOR Index,NOK,2012-05-31,99.13
BISBNOR Index,NOK,2012-06-30,98.55
BISBNOR Index,NOK,2012-07-31,97.95
BISBNOR Index,NOK,2012-08-31,98.6
BISBNOR Index,NOK,2012-09-30,99.67
BISBNOR Index,NOK,2012-10-31,100.18
BISBNOR Index,NOK,2012-11-30,101.02
BISBNOR Index,NOK,2012-12-31,101.73
BISBNOR Index,NOK,2013-01-31,102.15
BISBNOR Index,NOK,2013-02-28,102.14
BISBNOR Index,NOK,2013-03-31,100.06
BISBNOR Index,NOK,2013-04-30,100.08
BISBNOR Index,NOK,2013-05-31,100.15
BISBNOR Index,NOK,2013-06-30,98.45
BISBNOR Index,NOK,2013-07-31,97.12
BISBNOR Index,NOK,2013-08-31,96.79
BISBNOR Index,NOK,2013-09-30,96.25
BISBNOR Index,NOK,2013-10-31,95.22
BISBNOR Index,NOK,2013-11-30,94.39
BISBNOR Index,NOK,2013-12-31,92.56
BISBNOR Index,NOK,2014-01-31,92.88
BISBNOR Index,NOK,2014-02-28,93.56
BISBNOR Index,NOK,2014-03-31,94.72
BISBNOR Index,NOK,2014-04-30,95.4
BISBNOR Index,NOK,2014-05-31,96.21
BISBNOR Index,NOK,2014-06-30,94.75
BISBNOR Index,NOK,2014-07-31,93.71
BISBNOR Index,NOK,2014-08-31,94.41
BISBNOR Index,NOK,2014-09-30,94.77
BISBNOR Index,NOK,2014-10-31,92.99
BISBNOR Index,NOK,2014-11-30,91.3
BISBNOR Index,NOK,2014-12-31,86.64
BISBNOR Index,NOK,2015-01-31,86.19
BISBNOR Index,NOK,2015-02-28,88.31
BISBNOR Index,NOK,2015-03-31,86.22
BISBNOR Index,NOK,2015-04-30,87.26
BISBNOR Index,NOK,2015-05-31,89.33
BISBNOR Index,NOK,2015-06-30,86.58
BISBNOR Index,NOK,2015-07-31,84.67
BISBNOR Index,NOK,2015-08-31,83.44
BISBNOR Index,NOK,2015-09-30,83.16
BISBNOR Index,NOK,2015-10-31,83.34
BISBNOR Index,NOK,2015-11-30,82.66
BISBNOR Index,NOK,2015-12-31,81.21
BISBNOR Index,NOK,2016-01-31,81.73
BISBNOR Index,NOK,2016-02-29,82.82
BISBNOR Index,NOK,2016-03-31,83.28
BISBNOR Index,NOK,2016-04-30,84.72
BISBNOR Index,NOK,2016-05-31,85.24
BISBNOR Index,NOK,2016-06-30,85.25
BISBNOR Index,NOK,2016-07-31,85.68
BISBNOR Index,NOK,2016-08-31,85.93
BISBNOR Index,NOK,2016-09-30,87.09
BISBNOR Index,NOK,2016-10-31,89.34
BISBNOR Index,NOK,2016-11-30,88.72
BISBNOR Index,NOK,2016-12-31,87.93
BISBNOR Index,NOK,2017-01-31,88.22
BISBNOR Index,NOK,2017-02-28,89.19
BISBNOR Index,NOK,2017-03-31,87.18
BISBNOR Index,NOK,2017-04-30,86.03
BISBNOR Index,NOK,2017-05-31,85.28
BISBNOR Index,NOK,2017-06-30,85.16
BISBNOR Index,NOK,2017-07-31,86.89
BISBNOR Index,NOK,2017-08-31,87.42
BISBNOR Index,NOK,2017-09-30,87.51
BISBNOR Index,NOK,2017-10-31,86.78
BISBNOR Index,NOK,2017-11-30,85.05
BISBNOR Index,NOK,2017-12-31,82.96
BISBNOR Index,NOK,2018-01-31,84.93
BISBNOR Index,NOK,2018-02-28,85.55
BISBNOR Index,NOK,2018-03-31,86.61
BISBNOR Index,NOK,2018-04-30,86.53
BISBNOR Index,NOK,2018-05-31,86.27
BISBNOR Index,NOK,2018-06-30,87.51
BISBJPR Index,JPY,2004-12-31,106.47
BISBJPR Index,JPY,2005-01-31,106.75
BISBJPR Index,JPY,2005-02-28,103.92
BISBJPR Index,JPY,2005-03-31,103.24
BISBJPR Index,JPY,2005-04-30,101.67
BISBJPR Index,JPY,2005-05-31,102.7
BISBJPR Index,JPY,2005-06-30,101.61
BISBJPR Index,JPY,2005-07-31,98.74
BISBJPR Index,JPY,2005-08-31,98.64
BISBJPR Index,JPY,2005-09-30,98.17
BISBJPR Index,JPY,2005-10-31,95.27
BISBJPR Index,JPY,2005-11-30,92.65
BISBJPR Index,JPY,2005-12-31,92.08
BISBJPR Index,JPY,2006-01-31,92.89
BISBJPR Index,JPY,2006-02-28,90.46
BISBJPR Index,JPY,2006-03-31,90.99
BISBJPR Index,JPY,2006-04-30,90.05
BISBJPR Index,JPY,2006-05-31,93.2
BISBJPR Index,JPY,2006-06-30,91.64
BISBJPR Index,JPY,2006-07-31,90.27
BISBJPR Index,JPY,2006-08-31,90.16
BISBJPR Index,JPY,2006-09-30,89.26
BISBJPR Index,JPY,2006-10-31,88.06
BISBJPR Index,JPY,2006-11-30,87.6
BISBJPR Index,JPY,2006-12-31,86.44
BISBJPR Index,JPY,2007-01-31,84.14
BISBJPR Index,JPY,2007-02-28,82.84
BISBJPR Index,JPY,2007-03-31,84.93
BISBJPR Index,JPY,2007-04-30,82.86
BISBJPR Index,JPY,2007-05-31,81.22
BISBJPR Index,JPY,2007-06-30,79.59
BISBJPR Index,JPY,2007-07-31,79.03
BISBJPR Index,JPY,2007-08-31,83.1
BISBJPR Index,JPY,2007-09-30,83.39
BISBJPR Index,JPY,2007-10-31,81.4
BISBJPR Index,JPY,2007-11-30,83.56
BISBJPR Index,JPY,2007-12-31,82.64
BISBJPR Index,JPY,2008-01-31,84.82
BISBJPR Index,JPY,2008-02-29,83.79
BISBJPR Index,JPY,2008-03-31,88.04
BISBJPR Index,JPY,2008-04-30,85.52
BISBJPR Index,JPY,2008-05-31,84.93
BISBJPR Index,JPY,2008-06-30,82.6
BISBJPR Index,JPY,2008-07-31,81.9
BISBJPR Index,JPY,2008-08-31,81.98
BISBJPR Index,JPY,2008-09-30,85.84
BISBJPR Index,JPY,2008-10-31,95.5
BISBJPR Index,JPY,2008-11-30,101
BISBJPR Index,JPY,2008-12-31,106.53
BISBJPR Index,JPY,2009-01-31,106.83
BISBJPR Index,JPY,2009-02-28,105.69
BISBJPR Index,JPY,2009-03-31,100.06
BISBJPR Index,JPY,2009-04-30,97.32
BISBJPR Index,JPY,2009-05-31,97.06
BISBJPR Index,JPY,2009-06-30,95.98
BISBJPR Index,JPY,2009-07-31,97.71
BISBJPR Index,JPY,2009-08-31,96.61
BISBJPR Index,JPY,2009-09-30,99.21
BISBJPR Index,JPY,2009-10-31,98.75
BISBJPR Index,JPY,2009-11-30,99.32
BISBJPR Index,JPY,2009-12-31,98.55
BISBJPR Index,JPY,2010-01-31,96.77
BISBJPR Index,JPY,2010-02-28,98.57
BISBJPR Index,JPY,2010-03-31,97.79
BISBJPR Index,JPY,2010-04-30,94.22
BISBJPR Index,JPY,2010-05-31,97.52
BISBJPR Index,JPY,2010-06-30,99.69
BISBJPR Index,JPY,2010-07-31,101.45
BISBJPR Index,JPY,2010-08-31,103.05
BISBJPR Index,JPY,2010-09-30,103.1
BISBJPR Index,JPY,2010-10-31,103.87
BISBJPR Index,JPY,2010-11-30,102.45
BISBJPR Index,JPY,2010-12-31,101.53
BISBJPR Index,JPY,2011-01-31,100.91
BISBJPR Index,JPY,2011-02-28,99.59
BISBJPR Index,JPY,2011-03-31,99.9
BISBJPR Index,JPY,2011-04-30,96.37
BISBJPR Index,JPY,2011-05-31,98.56
BISBJPR Index,JPY,2011-06-30,99.14
BISBJPR Index,JPY,2011-07-31,99.91
BISBJPR Index,JPY,2011-08-31,102.76
BISBJPR Index,JPY,2011-09-30,104.75
BISBJPR Index,JPY,2011-10-31,105.6
BISBJPR Index,JPY,2011-11-30,103.96
BISBJPR Index,JPY,2011-12-31,104.14
BISBJPR Index,JPY,2012-01-31,104.9
BISBJPR Index,JPY,2012-02-29,101.51
BISBJPR Index,JPY,2012-03-31,96.79
BISBJPR Index,JPY,2012-04-30,98.23
BISBJPR Index,JPY,2012-05-31,101.17
BISBJPR Index,JPY,2012-06-30,102.5
BISBJPR Index,JPY,2012-07-31,102.47
BISBJPR Index,JPY,2012-08-31,102.06
BISBJPR Index,JPY,2012-09-30,101.27
BISBJPR Index,JPY,2012-10-31,99.56
BISBJPR Index,JPY,2012-11-30,96.82
BISBJPR Index,JPY,2012-12-31,92.93
BISBJPR Index,JPY,2013-01-31,86.8
BISBJPR Index,JPY,2013-02-28,82.45
BISBJPR Index,JPY,2013-03-31,81.72
BISBJPR Index,JPY,2013-04-30,79.14
BISBJPR Index,JPY,2013-05-31,76.89
BISBJPR Index,JPY,2013-06-30,80.13
BISBJPR Index,JPY,2013-07-31,78.63
BISBJPR Index,JPY,2013-08-31,80.08
BISBJPR Index,JPY,2013-09-30,78.66
BISBJPR Index,JPY,2013-10-31,79.09
BISBJPR Index,JPY,2013-11-30,77.76
BISBJPR Index,JPY,2013-12-31,75.09
BISBJPR Index,JPY,2014-01-31,74.73
BISBJPR Index,JPY,2014-02-28,75.94
BISBJPR Index,JPY,2014-03-31,75.87
BISBJPR Index,JPY,2014-04-30,77.13
BISBJPR Index,JPY,2014-05-31,77.79
BISBJPR Index,JPY,2014-06-30,77.58
BISBJPR Index,JPY,2014-07-31,77.71
BISBJPR Index,JPY,2014-08-31,77.01
BISBJPR Index,JPY,2014-09-30,74.61
BISBJPR Index,JPY,2014-10-31,74.54
BISBJPR Index,JPY,2014-11-30,69.72
BISBJPR Index,JPY,2014-12-31,68.92
BISBJPR Index,JPY,2015-01-31,70.6
BISBJPR Index,JPY,2015-02-28,70.37
BISBJPR Index,JPY,2015-03-31,70.23
BISBJPR Index,JPY,2015-04-30,70.5
BISBJPR Index,JPY,2015-05-31,69.38
BISBJPR Index,JPY,2015-06-30,67.86
BISBJPR Index,JPY,2015-07-31,68.61
BISBJPR Index,JPY,2015-08-31,69.87
BISBJPR Index,JPY,2015-09-30,72.15
BISBJPR Index,JPY,2015-10-31,71.61
BISBJPR Index,JPY,2015-11-30,70.73
BISBJPR Index,JPY,2015-12-31,71.58
BISBJPR Index,JPY,2016-01-31,74.54
BISBJPR Index,JPY,2016-02-29,75.76
BISBJPR Index,JPY,2016-03-31,76.14
BISBJPR Index,JPY,2016-04-30,77.64
BISBJPR Index,JPY,2016-05-31,78.85
BISBJPR Index,JPY,2016-06-30,81.47
BISBJPR Index,JPY,2016-07-31,82.62
BISBJPR Index,JPY,2016-08-31,84.38
BISBJPR Index,JPY,2016-09-30,83.83
BISBJPR Index,JPY,2016-10-31,83.33
BISBJPR Index,JPY,2016-11-30,81.05
BISBJPR Index,JPY,2016-12-31,76.09
BISBJPR Index,JPY,2017-01-31,76.14
BISBJPR Index,JPY,2017-02-28,76.56
BISBJPR Index,JPY,2017-03-31,76.56
BISBJPR Index,JPY,2017-04-30,78.45
BISBJPR Index,JPY,2017-05-31,76.61
BISBJPR Index,JPY,2017-06-30,76.73
BISBJPR Index,JPY,2017-07-31,75.09
BISBJPR Index,JPY,2017-08-31,76.01
BISBJPR Index,JPY,2017-09-30,74.63
BISBJPR Index,JPY,2017-10-31,73.78
BISBJPR Index,JPY,2017-11-30,73.91
BISBJPR Index,JPY,2017-12-31,73.44
BISBJPR Index,JPY,2018-01-31,73.22
BISBJPR Index,JPY,2018-02-28,74.4
BISBJPR Index,JPY,2018-03-31,75.77
BISBJPR Index,JPY,2018-04-30,74.66
BISBJPR Index,JPY,2018-05-31,74.48
BISBJPR Index,JPY,2018-06-30,74.85
BISBDKR Index,DKK,2004-12-31,102.08
BISBDKR Index,DKK,2005-01-31,101.44
BISBDKR Index,DKK,2005-02-28,101.57
BISBDKR Index,DKK,2005-03-31,101.97
BISBDKR Index,DKK,2005-04-30,101.74
BISBDKR Index,DKK,2005-05-31,101.14
BISBDKR Index,DKK,2005-06-30,99.98
BISBDKR Index,DKK,2005-07-31,99.92
BISBDKR Index,DKK,2005-08-31,99.82
BISBDKR Index,DKK,2005-09-30,99.73
BISBDKR Index,DKK,2005-10-31,99.27
BISBDKR Index,DKK,2005-11-30,98.86
BISBDKR Index,DKK,2005-12-31,98.79
BISBDKR Index,DKK,2006-01-31,98.64
BISBDKR Index,DKK,2006-02-28,98.83
BISBDKR Index,DKK,2006-03-31,99.25
BISBDKR Index,DKK,2006-04-30,99.49
BISBDKR Index,DKK,2006-05-31,100.08
BISBDKR Index,DKK,2006-06-30,100.43
BISBDKR Index,DKK,2006-07-31,100.25
BISBDKR Index,DKK,2006-08-31,100.05
BISBDKR Index,DKK,2006-09-30,100.28
BISBDKR Index,DKK,2006-10-31,99.91
BISBDKR Index,DKK,2006-11-30,99.76
BISBDKR Index,DKK,2006-12-31,99.93
BISBDKR Index,DKK,2007-01-31,99.59
BISBDKR Index,DKK,2007-02-28,100.4
BISBDKR Index,DKK,2007-03-31,100.88
BISBDKR Index,DKK,2007-04-30,100.66
BISBDKR Index,DKK,2007-05-31,100.53
BISBDKR Index,DKK,2007-06-30,100.22
BISBDKR Index,DKK,2007-07-31,99.98
BISBDKR Index,DKK,2007-08-31,99.7
BISBDKR Index,DKK,2007-09-30,100.16
BISBDKR Index,DKK,2007-10-31,100.15
BISBDKR Index,DKK,2007-11-30,101
BISBDKR Index,DKK,2007-12-31,100.62
BISBDKR Index,DKK,2008-01-31,101.18
BISBDKR Index,DKK,2008-02-29,101.55
BISBDKR Index,DKK,2008-03-31,102.74
BISBDKR Index,DKK,2008-04-30,102.99
BISBDKR Index,DKK,2008-05-31,102.31
BISBDKR Index,DKK,2008-06-30,102.11
BISBDKR Index,DKK,2008-07-31,101.98
BISBDKR Index,DKK,2008-08-31,100.91
BISBDKR Index,DKK,2008-09-30,100.68
BISBDKR Index,DKK,2008-10-31,99.9
BISBDKR Index,DKK,2008-11-30,100.13
BISBDKR Index,DKK,2008-12-31,103.22
BISBDKR Index,DKK,2009-01-31,103.15
BISBDKR Index,DKK,2009-02-28,103.7
BISBDKR Index,DKK,2009-03-31,105.01
BISBDKR Index,DKK,2009-04-30,103.89
BISBDKR Index,DKK,2009-05-31,104.22
BISBDKR Index,DKK,2009-06-30,105.12
BISBDKR Index,DKK,2009-07-31,104.87
BISBDKR Index,DKK,2009-08-31,104.25
BISBDKR Index,DKK,2009-09-30,104.89
BISBDKR Index,DKK,2009-10-31,105.14
BISBDKR Index,DKK,2009-11-30,105
BISBDKR Index,DKK,2009-12-31,104
BISBDKR Index,DKK,2010-01-31,103.15
BISBDKR Index,DKK,2010-02-28,102.4
BISBDKR Index,DKK,2010-03-31,101.82
BISBDKR Index,DKK,2010-04-30,100.74
BISBDKR Index,DKK,2010-05-31,99.14
BISBDKR Index,DKK,2010-06-30,98.11
BISBDKR Index,DKK,2010-07-31,99.02
BISBDKR Index,DKK,2010-08-31,99.07
BISBDKR Index,DKK,2010-09-30,99.03
BISBDKR Index,DKK,2010-10-31,100.17
BISBDKR Index,DKK,2010-11-30,99.51
BISBDKR Index,DKK,2010-12-31,97.83
BISBDKR Index,DKK,2011-01-31,97.83
BISBDKR Index,DKK,2011-02-28,98.86
BISBDKR Index,DKK,2011-03-31,99.58
BISBDKR Index,DKK,2011-04-30,100.26
BISBDKR Index,DKK,2011-05-31,99.86
BISBDKR Index,DKK,2011-06-30,99.97
BISBDKR Index,DKK,2011-07-31,99.68
BISBDKR Index,DKK,2011-08-31,99.86
BISBDKR Index,DKK,2011-09-30,99.17
BISBDKR Index,DKK,2011-10-31,99.19
BISBDKR Index,DKK,2011-11-30,98.81
BISBDKR Index,DKK,2011-12-31,97.73
BISBDKR Index,DKK,2012-01-31,97.13
BISBDKR Index,DKK,2012-02-29,97.91
BISBDKR Index,DKK,2012-03-31,97.81
BISBDKR Index,DKK,2012-04-30,97.32
BISBDKR Index,DKK,2012-05-31,97.16
BISBDKR Index,DKK,2012-06-30,96.71
BISBDKR Index,DKK,2012-07-31,95.57
BISBDKR Index,DKK,2012-08-31,95.13
BISBDKR Index,DKK,2012-09-30,95.93
BISBDKR Index,DKK,2012-10-31,96.03
BISBDKR Index,DKK,2012-11-30,95.62
BISBDKR Index,DKK,2012-12-31,95.82
BISBDKR Index,DKK,2013-01-31,96.38
BISBDKR Index,DKK,2013-02-28,97.4
BISBDKR Index,DKK,2013-03-31,96.34
BISBDKR Index,DKK,2013-04-30,96.3
BISBDKR Index,DKK,2013-05-31,96.53
BISBDKR Index,DKK,2013-06-30,97.36
BISBDKR Index,DKK,2013-07-31,97.23
BISBDKR Index,DKK,2013-08-31,97.83
BISBDKR Index,DKK,2013-09-30,97.64
BISBDKR Index,DKK,2013-10-31,98.23
BISBDKR Index,DKK,2013-11-30,98.15
BISBDKR Index,DKK,2013-12-31,98.57
BISBDKR Index,DKK,2014-01-31,98.78
BISBDKR Index,DKK,2014-02-28,99.19
BISBDKR Index,DKK,2014-03-31,99.29
BISBDKR Index,DKK,2014-04-30,99.23
BISBDKR Index,DKK,2014-05-31,98.69
BISBDKR Index,DKK,2014-06-30,98.34
BISBDKR Index,DKK,2014-07-31,98.38
BISBDKR Index,DKK,2014-08-31,97.86
BISBDKR Index,DKK,2014-09-30,97.22
BISBDKR Index,DKK,2014-10-31,97.07
BISBDKR Index,DKK,2014-11-30,97.18
BISBDKR Index,DKK,2014-12-31,97.69
BISBDKR Index,DKK,2015-01-31,96.22
BISBDKR Index,DKK,2015-02-28,95.6
BISBDKR Index,DKK,2015-03-31,93.7
BISBDKR Index,DKK,2015-04-30,93.05
BISBDKR Index,DKK,2015-05-31,93.87
BISBDKR Index,DKK,2015-06-30,94.37
BISBDKR Index,DKK,2015-07-31,94.21
BISBDKR Index,DKK,2015-08-31,95.38
BISBDKR Index,DKK,2015-09-30,96.03
BISBDKR Index,DKK,2015-10-31,95.55
BISBDKR Index,DKK,2015-11-30,94.02
BISBDKR Index,DKK,2015-12-31,94.79
BISBDKR Index,DKK,2016-01-31,95.8
BISBDKR Index,DKK,2016-02-29,96.83
BISBDKR Index,DKK,2016-03-31,95.76
BISBDKR Index,DKK,2016-04-30,96.13
BISBDKR Index,DKK,2016-05-31,96.4
BISBDKR Index,DKK,2016-06-30,96.22
BISBDKR Index,DKK,2016-07-31,96.33
BISBDKR Index,DKK,2016-08-31,96.17
BISBDKR Index,DKK,2016-09-30,95.91
BISBDKR Index,DKK,2016-10-31,95.92
BISBDKR Index,DKK,2016-11-30,95.79
BISBDKR Index,DKK,2016-12-31,94.88
BISBDKR Index,DKK,2017-01-31,95.09
BISBDKR Index,DKK,2017-02-28,95.06
BISBDKR Index,DKK,2017-03-31,95.11
BISBDKR Index,DKK,2017-04-30,94.85
BISBDKR Index,DKK,2017-05-31,95.82
BISBDKR Index,DKK,2017-06-30,96.23
BISBDKR Index,DKK,2017-07-31,97.69
BISBDKR Index,DKK,2017-08-31,97.82
BISBDKR Index,DKK,2017-09-30,97.48
BISBDKR Index,DKK,2017-10-31,97.38
BISBDKR Index,DKK,2017-11-30,97.25
BISBDKR Index,DKK,2017-12-31,96.92
BISBDKR Index,DKK,2018-01-31,97.07
BISBDKR Index,DKK,2018-02-28,97.94
BISBDKR Index,DKK,2018-03-31,97.83
BISBDKR Index,DKK,2018-04-30,98.24
BISBDKR Index,DKK,2018-05-31,97.58
BISBDKR Index,DKK,2018-06-30,97.21
BISBGBR Index,GBP,2004-12-31,127.14
BISBGBR Index,GBP,2005-01-31,124.86
BISBGBR Index,GBP,2005-02-28,125.67
BISBGBR Index,GBP,2005-03-31,125.71
BISBGBR Index,GBP,2005-04-30,126.79
BISBGBR Index,GBP,2005-05-31,125.95
BISBGBR Index,GBP,2005-06-30,126.76
BISBGBR Index,GBP,2005-07-31,123.1
BISBGBR Index,GBP,2005-08-31,124.07
BISBGBR Index,GBP,2005-09-30,124.85
BISBGBR Index,GBP,2005-10-31,123.46
BISBGBR Index,GBP,2005-11-30,123.38
BISBGBR Index,GBP,2005-12-31,123.52
BISBGBR Index,GBP,2006-01-31,122.05
BISBGBR Index,GBP,2006-02-28,121.99
BISBGBR Index,GBP,2006-03-31,121.07
BISBGBR Index,GBP,2006-04-30,120.95
BISBGBR Index,GBP,2006-05-31,125.03
BISBGBR Index,GBP,2006-06-30,124.95
BISBGBR Index,GBP,2006-07-31,124.69
BISBGBR Index,GBP,2006-08-31,127.42
BISBGBR Index,GBP,2006-09-30,127.63
BISBGBR Index,GBP,2006-10-31,127.8
BISBGBR Index,GBP,2006-11-30,128.32
BISBGBR Index,GBP,2006-12-31,129.84
BISBGBR Index,GBP,2007-01-31,130.17
BISBGBR Index,GBP,2007-02-28,129.6
BISBGBR Index,GBP,2007-03-31,127.71
BISBGBR Index,GBP,2007-04-30,128.14
BISBGBR Index,GBP,2007-05-31,127.46
BISBGBR Index,GBP,2007-06-30,128.36
BISBGBR Index,GBP,2007-07-31,128.39
BISBGBR Index,GBP,2007-08-31,127.85
BISBGBR Index,GBP,2007-09-30,126.04
BISBGBR Index,GBP,2007-10-31,125.24
BISBGBR Index,GBP,2007-11-30,123.69
BISBGBR Index,GBP,2007-12-31,121.74
BISBGBR Index,GBP,2008-01-31,116.39
BISBGBR Index,GBP,2008-02-29,115.73
BISBGBR Index,GBP,2008-03-31,113.99
BISBGBR Index,GBP,2008-04-30,111.97
BISBGBR Index,GBP,2008-05-31,112
BISBGBR Index,GBP,2008-06-30,112.27
BISBGBR Index,GBP,2008-07-31,112.02
BISBGBR Index,GBP,2008-08-31,111.03
BISBGBR Index,GBP,2008-09-30,109.32
BISBGBR Index,GBP,2008-10-31,108.93
BISBGBR Index,GBP,2008-11-30,102.48
BISBGBR Index,GBP,2008-12-31,96.64
BISBGBR Index,GBP,2009-01-31,94.23
BISBGBR Index,GBP,2009-02-28,97.49
BISBGBR Index,GBP,2009-03-31,95.16
BISBGBR Index,GBP,2009-04-30,97.09
BISBGBR Index,GBP,2009-05-31,99.43
BISBGBR Index,GBP,2009-06-30,103.86
BISBGBR Index,GBP,2009-07-31,103.59
BISBGBR Index,GBP,2009-08-31,103.55
BISBGBR Index,GBP,2009-09-30,100.75
BISBGBR Index,GBP,2009-10-31,98.36
BISBGBR Index,GBP,2009-11-30,100.52
BISBGBR Index,GBP,2009-12-31,99.98
BISBGBR Index,GBP,2010-01-31,100.52
BISBGBR Index,GBP,2010-02-28,99.66
BISBGBR Index,GBP,2010-03-31,96.08
BISBGBR Index,GBP,2010-04-30,98.51
BISBGBR Index,GBP,2010-05-31,98.46
BISBGBR Index,GBP,2010-06-30,101.05
BISBGBR Index,GBP,2010-07-31,101.45
BISBGBR Index,GBP,2010-08-31,103.29
BISBGBR Index,GBP,2010-09-30,101.11
BISBGBR Index,GBP,2010-10-31,98.69
BISBGBR Index,GBP,2010-11-30,100.62
BISBGBR Index,GBP,2010-12-31,100.56
BISBGBR Index,GBP,2011-01-31,100.89
BISBGBR Index,GBP,2011-02-28,102.14
BISBGBR Index,GBP,2011-03-31,100.13
BISBGBR Index,GBP,2011-04-30,99.84
BISBGBR Index,GBP,2011-05-31,99.99
BISBGBR Index,GBP,2011-06-30,98.87
BISBGBR Index,GBP,2011-07-31,98.74
BISBGBR Index,GBP,2011-08-31,100.32
BISBGBR Index,GBP,2011-09-30,100.2
BISBGBR Index,GBP,2011-10-31,100.37
BISBGBR Index,GBP,2011-11-30,101.63
BISBGBR Index,GBP,2011-12-31,102.46
BISBGBR Index,GBP,2012-01-31,102.02
BISBGBR Index,GBP,2012-02-29,102.02
BISBGBR Index,GBP,2012-03-31,102.04
BISBGBR Index,GBP,2012-04-30,103.84
BISBGBR Index,GBP,2012-05-31,105.36
BISBGBR Index,GBP,2012-06-30,104.21
BISBGBR Index,GBP,2012-07-31,105.65
BISBGBR Index,GBP,2012-08-31,105.79
BISBGBR Index,GBP,2012-09-30,105.92
BISBGBR Index,GBP,2012-10-31,105.48
BISBGBR Index,GBP,2012-11-30,105.79
BISBGBR Index,GBP,2012-12-31,105.86
BISBGBR Index,GBP,2013-01-31,103.83
BISBGBR Index,GBP,2013-02-28,100.9
BISBGBR Index,GBP,2013-03-31,99.87
BISBGBR Index,GBP,2013-04-30,101.35
BISBGBR Index,GBP,2013-05-31,101.8
BISBGBR Index,GBP,2013-06-30,102.29
BISBGBR Index,GBP,2013-07-31,101.13
BISBGBR Index,GBP,2013-08-31,102.65
BISBGBR Index,GBP,2013-09-30,104.86
BISBGBR Index,GBP,2013-10-31,104.76
BISBGBR Index,GBP,2013-11-30,105.99
BISBGBR Index,GBP,2013-12-31,107.44
BISBGBR Index,GBP,2014-01-31,108.37
BISBGBR Index,GBP,2014-02-28,108.99
BISBGBR Index,GBP,2014-03-31,108.49
BISBGBR Index,GBP,2014-04-30,109.41
BISBGBR Index,GBP,2014-05-31,109.99
BISBGBR Index,GBP,2014-06-30,111.17
BISBGBR Index,GBP,2014-07-31,112.35
BISBGBR Index,GBP,2014-08-31,111.39
BISBGBR Index,GBP,2014-09-30,110.85
BISBGBR Index,GBP,2014-10-31,110.79
BISBGBR Index,GBP,2014-11-30,110.27
BISBGBR Index,GBP,2014-12-31,111.12
BISBGBR Index,GBP,2015-01-31,111.35
BISBGBR Index,GBP,2015-02-28,113.75
BISBGBR Index,GBP,2015-03-31,113.74
BISBGBR Index,GBP,2015-04-30,113.22
BISBGBR Index,GBP,2015-05-31,114.9
BISBGBR Index,GBP,2015-06-30,115.98
BISBGBR Index,GBP,2015-07-31,117.64
BISBGBR Index,GBP,2015-08-31,118.6
BISBGBR Index,GBP,2015-09-30,116.42
BISBGBR Index,GBP,2015-10-31,115.8
BISBGBR Index,GBP,2015-11-30,118.05
BISBGBR Index,GBP,2015-12-31,116.05
BISBGBR Index,GBP,2016-01-31,112.27
BISBGBR Index,GBP,2016-02-29,109.76
BISBGBR Index,GBP,2016-03-31,108.11
BISBGBR Index,GBP,2016-04-30,106.79
BISBGBR Index,GBP,2016-05-31,109.16
BISBGBR Index,GBP,2016-06-30,106.94
BISBGBR Index,GBP,2016-07-31,100.1
BISBGBR Index,GBP,2016-08-31,98.9
BISBGBR Index,GBP,2016-09-30,99.28
BISBGBR Index,GBP,2016-10-31,94.05
BISBGBR Index,GBP,2016-11-30,96.86
BISBGBR Index,GBP,2016-12-31,99.27
BISBGBR Index,GBP,2017-01-31,97.17
BISBGBR Index,GBP,2017-02-28,98.08
BISBGBR Index,GBP,2017-03-31,96.83
BISBGBR Index,GBP,2017-04-30,98.84
BISBGBR Index,GBP,2017-05-31,99.87
BISBGBR Index,GBP,2017-06-30,97.73
BISBGBR Index,GBP,2017-07-31,97.81
BISBGBR Index,GBP,2017-08-31,96.23
BISBGBR Index,GBP,2017-09-30,98.06
BISBGBR Index,GBP,2017-10-31,98.29
BISBGBR Index,GBP,2017-11-30,98.94
BISBGBR Index,GBP,2017-12-31,99.74
BISBGBR Index,GBP,2018-01-31,99.9
BISBGBR Index,GBP,2018-02-28,100.45
BISBGBR Index,GBP,2018-03-31,100.5
BISBGBR Index,GBP,2018-04-30,101.9
BISBGBR Index,GBP,2018-05-31,100.41
BISBGBR Index,GBP,2018-06-30,99.99
BISBAUR Index,AUD,2004-12-31,86.34
BISBAUR Index,AUD,2005-01-31,86.66
BISBAUR Index,AUD,2005-02-28,88.25
BISBAUR Index,AUD,2005-03-31,88.23
BISBAUR Index,AUD,2005-04-30,87.59
BISBAUR Index,AUD,2005-05-31,87.29
BISBAUR Index,AUD,2005-06-30,89.11
BISBAUR Index,AUD,2005-07-31,88.51
BISBAUR Index,AUD,2005-08-31,88.5
BISBAUR Index,AUD,2005-09-30,88.81
BISBAUR Index,AUD,2005-10-31,88.32
BISBAUR Index,AUD,2005-11-30,87.25
BISBAUR Index,AUD,2005-12-31,87.7
BISBAUR Index,AUD,2006-01-31,87.23
BISBAUR Index,AUD,2006-02-28,86.87
BISBAUR Index,AUD,2006-03-31,85.48
BISBAUR Index,AUD,2006-04-30,85.95
BISBAUR Index,AUD,2006-05-31,87.76
BISBAUR Index,AUD,2006-06-30,86.32
BISBAUR Index,AUD,2006-07-31,87.92
BISBAUR Index,AUD,2006-08-31,88.71
BISBAUR Index,AUD,2006-09-30,87.97
BISBAUR Index,AUD,2006-10-31,88.01
BISBAUR Index,AUD,2006-11-30,88.94
BISBAUR Index,AUD,2006-12-31,88.94
BISBAUR Index,AUD,2007-01-31,89.16
BISBAUR Index,AUD,2007-02-28,88.6
BISBAUR Index,AUD,2007-03-31,89.15
BISBAUR Index,AUD,2007-04-30,92.31
BISBAUR Index,AUD,2007-05-31,92.13
BISBAUR Index,AUD,2007-06-30,94.35
BISBAUR Index,AUD,2007-07-31,95.82
BISBAUR Index,AUD,2007-08-31,91.77
BISBAUR Index,AUD,2007-09-30,92.7
BISBAUR Index,AUD,2007-10-31,97.11
BISBAUR Index,AUD,2007-11-30,95.36
BISBAUR Index,AUD,2007-12-31,93.16
BISBAUR Index,AUD,2008-01-31,93.29
BISBAUR Index,AUD,2008-02-29,95.75
BISBAUR Index,AUD,2008-03-31,95.22
BISBAUR Index,AUD,2008-04-30,95.31
BISBAUR Index,AUD,2008-05-31,98.08
BISBAUR Index,AUD,2008-06-30,98.57
BISBAUR Index,AUD,2008-07-31,99.25
BISBAUR Index,AUD,2008-08-31,93.48
BISBAUR Index,AUD,2008-09-30,88.2
BISBAUR Index,AUD,2008-10-31,76.38
BISBAUR Index,AUD,2008-11-30,74.96
BISBAUR Index,AUD,2008-12-31,75.43
BISBAUR Index,AUD,2009-01-31,76.35
BISBAUR Index,AUD,2009-02-28,74.76
BISBAUR Index,AUD,2009-03-31,77.04
BISBAUR Index,AUD,2009-04-30,81.27
BISBAUR Index,AUD,2009-05-31,85.4
BISBAUR Index,AUD,2009-06-30,88.77
BISBAUR Index,AUD,2009-07-31,89.07
BISBAUR Index,AUD,2009-08-31,91.74
BISBAUR Index,AUD,2009-09-30,93.47
BISBAUR Index,AUD,2009-10-31,97.29
BISBAUR Index,AUD,2009-11-30,98.21
BISBAUR Index,AUD,2009-12-31,97.16
BISBAUR Index,AUD,2010-01-31,98.88
BISBAUR Index,AUD,2010-02-28,97.06
BISBAUR Index,AUD,2010-03-31,99.69
BISBAUR Index,AUD,2010-04-30,101.21
BISBAUR Index,AUD,2010-05-31,97
BISBAUR Index,AUD,2010-06-30,96.13
BISBAUR Index,AUD,2010-07-31,97
BISBAUR Index,AUD,2010-08-31,98.62
BISBAUR Index,AUD,2010-09-30,101.43
BISBAUR Index,AUD,2010-10-31,103.13
BISBAUR Index,AUD,2010-11-30,104.13
BISBAUR Index,AUD,2010-12-31,105.73
BISBAUR Index,AUD,2011-01-31,105.4
BISBAUR Index,AUD,2011-02-28,105.94
BISBAUR Index,AUD,2011-03-31,105.4
BISBAUR Index,AUD,2011-04-30,108.72
BISBAUR Index,AUD,2011-05-31,109.52
BISBAUR Index,AUD,2011-06-30,108.74
BISBAUR Index,AUD,2011-07-31,110.06
BISBAUR Index,AUD,2011-08-31,106.72
BISBAUR Index,AUD,2011-09-30,105.6
BISBAUR Index,AUD,2011-10-31,105.02
BISBAUR Index,AUD,2011-11-30,105.19
BISBAUR Index,AUD,2011-12-31,106.21
BISBAUR Index,AUD,2012-01-31,108.63
BISBAUR Index,AUD,2012-02-29,110.49
BISBAUR Index,AUD,2012-03-31,108.72
BISBAUR Index,AUD,2012-04-30,106.66
BISBAUR Index,AUD,2012-05-31,104.32
BISBAUR Index,AUD,2012-06-30,106.15
BISBAUR Index,AUD,2012-07-31,110.35
BISBAUR Index,AUD,2012-08-31,111.57
BISBAUR Index,AUD,2012-09-30,109.01
BISBAUR Index,AUD,2012-10-31,107.47
BISBAUR Index,AUD,2012-11-30,109.03
BISBAUR Index,AUD,2012-12-31,109.15
BISBAUR Index,AUD,2013-01-31,109.75
BISBAUR Index,AUD,2013-02-28,107.98
BISBAUR Index,AUD,2013-03-31,109.34
BISBAUR Index,AUD,2013-04-30,109.69
BISBAUR Index,AUD,2013-05-31,105.07
BISBAUR Index,AUD,2013-06-30,100.56
BISBAUR Index,AUD,2013-07-31,98.64
BISBAUR Index,AUD,2013-08-31,97.08
BISBAUR Index,AUD,2013-09-30,99.5
BISBAUR Index,AUD,2013-10-31,101.06
BISBAUR Index,AUD,2013-11-30,99.88
BISBAUR Index,AUD,2013-12-31,96.42
BISBAUR Index,AUD,2014-01-31,95.55
BISBAUR Index,AUD,2014-02-28,96.47
BISBAUR Index,AUD,2014-03-31,97.5
BISBAUR Index,AUD,2014-04-30,99.83
BISBAUR Index,AUD,2014-05-31,99.63
BISBAUR Index,AUD,2014-06-30,100.63
BISBAUR Index,AUD,2014-07-31,100.85
BISBAUR Index,AUD,2014-08-31,100.61
BISBAUR Index,AUD,2014-09-30,99.1
BISBAUR Index,AUD,2014-10-31,97.03
BISBAUR Index,AUD,2014-11-30,97.16
BISBAUR Index,AUD,2014-12-31,93.93
BISBAUR Index,AUD,2015-01-31,93.73
BISBAUR Index,AUD,2015-02-28,90.77
BISBAUR Index,AUD,2015-03-31,91.34
BISBAUR Index,AUD,2015-04-30,90.87
BISBAUR Index,AUD,2015-05-31,92.41
BISBAUR Index,AUD,2015-06-30,91.01
BISBAUR Index,AUD,2015-07-31,88.3
BISBAUR Index,AUD,2015-08-31,87.97
BISBAUR Index,AUD,2015-09-30,85.54
BISBAUR Index,AUD,2015-10-31,86.93
BISBAUR Index,AUD,2015-11-30,87.68
BISBAUR Index,AUD,2015-12-31,88.91
BISBAUR Index,AUD,2016-01-31,86.93
BISBAUR Index,AUD,2016-02-29,86.86
BISBAUR Index,AUD,2016-03-31,90.24
BISBAUR Index,AUD,2016-04-30,91.06
BISBAUR Index,AUD,2016-05-31,87.61
BISBAUR Index,AUD,2016-06-30,88.71
BISBAUR Index,AUD,2016-07-31,91.04
BISBAUR Index,AUD,2016-08-31,91.54
BISBAUR Index,AUD,2016-09-30,91.17
BISBAUR Index,AUD,2016-10-31,92.62
BISBAUR Index,AUD,2016-11-30,93.25
BISBAUR Index,AUD,2016-12-31,92.43
BISBAUR Index,AUD,2017-01-31,93.39
BISBAUR Index,AUD,2017-02-28,95.16
BISBAUR Index,AUD,2017-03-31,94.67
BISBAUR Index,AUD,2017-04-30,92.94
BISBAUR Index,AUD,2017-05-31,91.2
BISBAUR Index,AUD,2017-06-30,91.97
BISBAUR Index,AUD,2017-07-31,94.46
BISBAUR Index,AUD,2017-08-31,94.76
BISBAUR Index,AUD,2017-09-30,94.68
BISBAUR Index,AUD,2017-10-31,93.51
BISBAUR Index,AUD,2017-11-30,91.57
BISBAUR Index,AUD,2017-12-31,91.31
BISBAUR Index,AUD,2018-01-31,92.95
BISBAUR Index,AUD,2018-02-28,90.76
BISBAUR Index,AUD,2018-03-31,89.66
BISBAUR Index,AUD,2018-04-30,88.89
BISBAUR Index,AUD,2018-05-31,88.7
BISBAUR Index,AUD,2018-06-30,89.33
BISBCAR Index,CAD,2004-12-31,89.94
BISBCAR Index,CAD,2005-01-31,89.49
BISBCAR Index,CAD,2005-02-28,88.22
BISBCAR Index,CAD,2005-03-31,89.72
BISBCAR Index,CAD,2005-04-30,88.44
BISBCAR Index,CAD,2005-05-31,87.26
BISBCAR Index,CAD,2005-06-30,88.94
BISBCAR Index,CAD,2005-07-31,90.39
BISBCAR Index,CAD,2005-08-31,91.25
BISBCAR Index,CAD,2005-09-30,93.31
BISBCAR Index,CAD,2005-10-31,93.26
BISBCAR Index,CAD,2005-11-30,93.43
BISBCAR Index,CAD,2005-12-31,95.02
BISBCAR Index,CAD,2006-01-31,94.72
BISBCAR Index,CAD,2006-02-28,95.22
BISBCAR Index,CAD,2006-03-31,94.74
BISBCAR Index,CAD,2006-04-30,95.39
BISBCAR Index,CAD,2006-05-31,97.75
BISBCAR Index,CAD,2006-06-30,97.64
BISBCAR Index,CAD,2006-07-31,96.18
BISBCAR Index,CAD,2006-08-31,96.64
BISBCAR Index,CAD,2006-09-30,96.68
BISBCAR Index,CAD,2006-10-31,95.8
BISBCAR Index,CAD,2006-11-30,94.94
BISBCAR Index,CAD,2006-12-31,93.11
BISBCAR Index,CAD,2007-01-31,91.28
BISBCAR Index,CAD,2007-02-28,91.75
BISBCAR Index,CAD,2007-03-31,91.91
BISBCAR Index,CAD,2007-04-30,94.21
BISBCAR Index,CAD,2007-05-31,97.51
BISBCAR Index,CAD,2007-06-30,99.97
BISBCAR Index,CAD,2007-07-31,100.79
BISBCAR Index,CAD,2007-08-31,99.89
BISBCAR Index,CAD,2007-09-30,102.35
BISBCAR Index,CAD,2007-10-31,106.49
BISBCAR Index,CAD,2007-11-30,106.76
BISBCAR Index,CAD,2007-12-31,102.71
BISBCAR Index,CAD,2008-01-31,100.97
BISBCAR Index,CAD,2008-02-29,101.44
BISBCAR Index,CAD,2008-03-31,100.15
BISBCAR Index,CAD,2008-04-30,98.73
BISBCAR Index,CAD,2008-05-31,100.86
BISBCAR Index,CAD,2008-06-30,98.98
BISBCAR Index,CAD,2008-07-31,98.84
BISBCAR Index,CAD,2008-08-31,96.04
BISBCAR Index,CAD,2008-09-30,96.68
BISBCAR Index,CAD,2008-10-31,88.44
BISBCAR Index,CAD,2008-11-30,87.14
BISBCAR Index,CAD,2008-12-31,85.47
BISBCAR Index,CAD,2009-01-31,85.87
BISBCAR Index,CAD,2009-02-28,85.6
BISBCAR Index,CAD,2009-03-31,84.61
BISBCAR Index,CAD,2009-04-30,86.01
BISBCAR Index,CAD,2009-05-31,91.24
BISBCAR Index,CAD,2009-06-30,92.87
BISBCAR Index,CAD,2009-07-31,92.6
BISBCAR Index,CAD,2009-08-31,94.97
BISBCAR Index,CAD,2009-09-30,95.06
BISBCAR Index,CAD,2009-10-31,96.89
BISBCAR Index,CAD,2009-11-30,96.49
BISBCAR Index,CAD,2009-12-31,96.89
BISBCAR Index,CAD,2010-01-31,98.11
BISBCAR Index,CAD,2010-02-28,97.64
BISBCAR Index,CAD,2010-03-31,100.32
BISBCAR Index,CAD,2010-04-30,102.29
BISBCAR Index,CAD,2010-05-31,100.21
BISBCAR Index,CAD,2010-06-30,100.74
BISBCAR Index,CAD,2010-07-31,99.86
BISBCAR Index,CAD,2010-08-31,99.44
BISBCAR Index,CAD,2010-09-30,99.58
BISBCAR Index,CAD,2010-10-31,100
BISBCAR Index,CAD,2010-11-30,100.61
BISBCAR Index,CAD,2010-12-31,101.2
BISBCAR Index,CAD,2011-01-31,102.03
BISBCAR Index,CAD,2011-02-28,101.96
BISBCAR Index,CAD,2011-03-31,103.14
BISBCAR Index,CAD,2011-04-30,104.26
BISBCAR Index,CAD,2011-05-31,103.45
BISBCAR Index,CAD,2011-06-30,101.73
BISBCAR Index,CAD,2011-07-31,103.93
BISBCAR Index,CAD,2011-08-31,101.27
BISBCAR Index,CAD,2011-09-30,100.31
BISBCAR Index,CAD,2011-10-31,99.02
BISBCAR Index,CAD,2011-11-30,98.86
BISBCAR Index,CAD,2011-12-31,98.93
BISBCAR Index,CAD,2012-01-31,99.82
BISBCAR Index,CAD,2012-02-29,100.69
BISBCAR Index,CAD,2012-03-31,101.14
BISBCAR Index,CAD,2012-04-30,101.52
BISBCAR Index,CAD,2012-05-31,100.53
BISBCAR Index,CAD,2012-06-30,99.11
BISBCAR Index,CAD,2012-07-31,100.38
BISBCAR Index,CAD,2012-08-31,101.94
BISBCAR Index,CAD,2012-09-30,102.45
BISBCAR Index,CAD,2012-10-31,101.52
BISBCAR Index,CAD,2012-11-30,100.71
BISBCAR Index,CAD,2012-12-31,100.57
BISBCAR Index,CAD,2013-01-31,100.14
BISBCAR Index,CAD,2013-02-28,99.14
BISBCAR Index,CAD,2013-03-31,97.99
BISBCAR Index,CAD,2013-04-30,98.29
BISBCAR Index,CAD,2013-05-31,98.38
BISBCAR Index,CAD,2013-06-30,97.44
BISBCAR Index,CAD,2013-07-31,96.72
BISBCAR Index,CAD,2013-08-31,96.43
BISBCAR Index,CAD,2013-09-30,96.79
BISBCAR Index,CAD,2013-10-31,96.07
BISBCAR Index,CAD,2013-11-30,95.3
BISBCAR Index,CAD,2013-12-31,93.52
BISBCAR Index,CAD,2014-01-31,91.36
BISBCAR Index,CAD,2014-02-28,90.68
BISBCAR Index,CAD,2014-03-31,90.32
BISBCAR Index,CAD,2014-04-30,91.26
BISBCAR Index,CAD,2014-05-31,92.27
BISBCAR Index,CAD,2014-06-30,92.82
BISBCAR Index,CAD,2014-07-31,93.57
BISBCAR Index,CAD,2014-08-31,92.17
BISBCAR Index,CAD,2014-09-30,92
BISBCAR Index,CAD,2014-10-31,90.86
BISBCAR Index,CAD,2014-11-30,90.49
BISBCAR Index,CAD,2014-12-31,89.3
BISBCAR Index,CAD,2015-01-31,86.26
BISBCAR Index,CAD,2015-02-28,83.86
BISBCAR Index,CAD,2015-03-31,84.11
BISBCAR Index,CAD,2015-04-30,85.38
BISBCAR Index,CAD,2015-05-31,86.64
BISBCAR Index,CAD,2015-06-30,85.54
BISBCAR Index,CAD,2015-07-31,82.75
BISBCAR Index,CAD,2015-08-31,81.4
BISBCAR Index,CAD,2015-09-30,80.71
BISBCAR Index,CAD,2015-10-31,81.71
BISBCAR Index,CAD,2015-11-30,81.06
BISBCAR Index,CAD,2015-12-31,78.4
BISBCAR Index,CAD,2016-01-31,76.36
BISBCAR Index,CAD,2016-02-29,78.24
BISBCAR Index,CAD,2016-03-31,81.35
BISBCAR Index,CAD,2016-04-30,83.41
BISBCAR Index,CAD,2016-05-31,83.28
BISBCAR Index,CAD,2016-06-30,83.69
BISBCAR Index,CAD,2016-07-31,82.96
BISBCAR Index,CAD,2016-08-31,82.73
BISBCAR Index,CAD,2016-09-30,82.08
BISBCAR Index,CAD,2016-10-31,81.59
BISBCAR Index,CAD,2016-11-30,80.87
BISBCAR Index,CAD,2016-12-31,81.87
BISBCAR Index,CAD,2017-01-31,83.01
BISBCAR Index,CAD,2017-02-28,83.15
BISBCAR Index,CAD,2017-03-31,81.2
BISBCAR Index,CAD,2017-04-30,80.85
BISBCAR Index,CAD,2017-05-31,79.5
BISBCAR Index,CAD,2017-06-30,80.78
BISBCAR Index,CAD,2017-07-31,84.19
BISBCAR Index,CAD,2017-08-31,84.23
BISBCAR Index,CAD,2017-09-30,85.95
BISBCAR Index,CAD,2017-10-31,84.45
BISBCAR Index,CAD,2017-11-30,83.53
BISBCAR Index,CAD,2017-12-31,82.95
BISBCAR Index,CAD,2018-01-31,84.6
BISBCAR Index,CAD,2018-02-28,83.55
BISBCAR Index,CAD,2018-03-31,81.51
BISBCAR Index,CAD,2018-04-30,82.83
BISBCAR Index,CAD,2018-05-31,82.79
BISBCAR Index,CAD,2018-06-30,81.51
BISBCHR Index,CHF,2004-12-31,100.01
BISBCHR Index,CHF,2005-01-31,98.34
BISBCHR Index,CHF,2005-02-28,97.48
BISBCHR Index,CHF,2005-03-31,97.68
BISBCHR Index,CHF,2005-04-30,97.71
BISBCHR Index,CHF,2005-05-31,96.97
BISBCHR Index,CHF,2005-06-30,95.7
BISBCHR Index,CHF,2005-07-31,93.93
BISBCHR Index,CHF,2005-08-31,94.5
BISBCHR Index,CHF,2005-09-30,94.39
BISBCHR Index,CHF,2005-10-31,94.7
BISBCHR Index,CHF,2005-11-30,94.4
BISBCHR Index,CHF,2005-12-31,93.96
BISBCHR Index,CHF,2006-01-31,94.05
BISBCHR Index,CHF,2006-02-28,93.06
BISBCHR Index,CHF,2006-03-31,92.26
BISBCHR Index,CHF,2006-04-30,92.67
BISBCHR Index,CHF,2006-05-31,94.59
BISBCHR Index,CHF,2006-06-30,94.45
BISBCHR Index,CHF,2006-07-31,93.36
BISBCHR Index,CHF,2006-08-31,92.9
BISBCHR Index,CHF,2006-09-30,92.15
BISBCHR Index,CHF,2006-10-31,91.81
BISBCHR Index,CHF,2006-11-30,91.94
BISBCHR Index,CHF,2006-12-31,91.92
BISBCHR Index,CHF,2007-01-31,90.01
BISBCHR Index,CHF,2007-02-28,89.68
BISBCHR Index,CHF,2007-03-31,90.09
BISBCHR Index,CHF,2007-04-30,89.61
BISBCHR Index,CHF,2007-05-31,88.73
BISBCHR Index,CHF,2007-06-30,88.29
BISBCHR Index,CHF,2007-07-31,88.03
BISBCHR Index,CHF,2007-08-31,88.69
BISBCHR Index,CHF,2007-09-30,88.37
BISBCHR Index,CHF,2007-10-31,87.84
BISBCHR Index,CHF,2007-11-30,89.7
BISBCHR Index,CHF,2007-12-31,88.92
BISBCHR Index,CHF,2008-01-31,90.97
BISBCHR Index,CHF,2008-02-29,91.16
BISBCHR Index,CHF,2008-03-31,94.45
BISBCHR Index,CHF,2008-04-30,93.85
BISBCHR Index,CHF,2008-05-31,92
BISBCHR Index,CHF,2008-06-30,92.3
BISBCHR Index,CHF,2008-07-31,91.69
BISBCHR Index,CHF,2008-08-31,90.11
BISBCHR Index,CHF,2008-09-30,90.78
BISBCHR Index,CHF,2008-10-31,94.39
BISBCHR Index,CHF,2008-11-30,93.64
BISBCHR Index,CHF,2008-12-31,94.25
BISBCHR Index,CHF,2009-01-31,96.56
BISBCHR Index,CHF,2009-02-28,96.05
BISBCHR Index,CHF,2009-03-31,95.46
BISBCHR Index,CHF,2009-04-30,95.24
BISBCHR Index,CHF,2009-05-31,95.85
BISBCHR Index,CHF,2009-06-30,96.25
BISBCHR Index,CHF,2009-07-31,95.53
BISBCHR Index,CHF,2009-08-31,95.3
BISBCHR Index,CHF,2009-09-30,96.3
BISBCHR Index,CHF,2009-10-31,97.2
BISBCHR Index,CHF,2009-11-30,97.46
BISBCHR Index,CHF,2009-12-31,96.91
BISBCHR Index,CHF,2010-01-31,97.68
BISBCHR Index,CHF,2010-02-28,96.66
BISBCHR Index,CHF,2010-03-31,96.93
BISBCHR Index,CHF,2010-04-30,97.68
BISBCHR Index,CHF,2010-05-31,96.6
BISBCHR Index,CHF,2010-06-30,98.03
BISBCHR Index,CHF,2010-07-31,101.05
BISBCHR Index,CHF,2010-08-31,101.1
BISBCHR Index,CHF,2010-09-30,103.54
BISBCHR Index,CHF,2010-10-31,102.82
BISBCHR Index,CHF,2010-11-30,102.29
BISBCHR Index,CHF,2010-12-31,105.61
BISBCHR Index,CHF,2011-01-31,105.66
BISBCHR Index,CHF,2011-02-28,104.72
BISBCHR Index,CHF,2011-03-31,106.4
BISBCHR Index,CHF,2011-04-30,106.1
BISBCHR Index,CHF,2011-05-31,109.25
BISBCHR Index,CHF,2011-06-30,113.19
BISBCHR Index,CHF,2011-07-31,114.99
BISBCHR Index,CHF,2011-08-31,120.56
BISBCHR Index,CHF,2011-09-30,111.09
BISBCHR Index,CHF,2011-10-31,108.23
BISBCHR Index,CHF,2011-11-30,107.48
BISBCHR Index,CHF,2011-12-31,106.21
BISBCHR Index,CHF,2012-01-31,106.06
BISBCHR Index,CHF,2012-02-29,106.78
BISBCHR Index,CHF,2012-03-31,106.78
BISBCHR Index,CHF,2012-04-30,106.67
BISBCHR Index,CHF,2012-05-31,105.94
BISBCHR Index,CHF,2012-06-30,105.29
BISBCHR Index,CHF,2012-07-31,103.86
BISBCHR Index,CHF,2012-08-31,103.53
BISBCHR Index,CHF,2012-09-30,103.98
BISBCHR Index,CHF,2012-10-31,104.14
BISBCHR Index,CHF,2012-11-30,103.98
BISBCHR Index,CHF,2012-12-31,104.09
BISBCHR Index,CHF,2013-01-31,103.38
BISBCHR Index,CHF,2013-02-28,103.73
BISBCHR Index,CHF,2013-03-31,102.57
BISBCHR Index,CHF,2013-04-30,103.33
BISBCHR Index,CHF,2013-05-31,101.59
BISBCHR Index,CHF,2013-06-30,103.41
BISBCHR Index,CHF,2013-07-31,102.8
BISBCHR Index,CHF,2013-08-31,103.62
BISBCHR Index,CHF,2013-09-30,103.47
BISBCHR Index,CHF,2013-10-31,104.13
BISBCHR Index,CHF,2013-11-30,104.03
BISBCHR Index,CHF,2013-12-31,105.06
BISBCHR Index,CHF,2014-01-31,104.59
BISBCHR Index,CHF,2014-02-28,105.37
BISBCHR Index,CHF,2014-03-31,106.12
BISBCHR Index,CHF,2014-04-30,105.61
BISBCHR Index,CHF,2014-05-31,105.27
BISBCHR Index,CHF,2014-06-30,104.77
BISBCHR Index,CHF,2014-07-31,104.61
BISBCHR Index,CHF,2014-08-31,104.33
BISBCHR Index,CHF,2014-09-30,103.48
BISBCHR Index,CHF,2014-10-31,103.03
BISBCHR Index,CHF,2014-11-30,103.62
BISBCHR Index,CHF,2014-12-31,103.48
BISBCHR Index,CHF,2015-01-31,111.48
BISBCHR Index,CHF,2015-02-28,113.11
BISBCHR Index,CHF,2015-03-31,110.82
BISBCHR Index,CHF,2015-04-30,112.15
BISBCHR Index,CHF,2015-05-31,113.52
BISBCHR Index,CHF,2015-06-30,113.58
BISBCHR Index,CHF,2015-07-31,112.08
BISBCHR Index,CHF,2015-08-31,110.41
BISBCHR Index,CHF,2015-09-30,109.78
BISBCHR Index,CHF,2015-10-31,109.76
BISBCHR Index,CHF,2015-11-30,108.33
BISBCHR Index,CHF,2015-12-31,109.1
BISBCHR Index,CHF,2016-01-31,109.07
BISBCHR Index,CHF,2016-02-29,108.88
BISBCHR Index,CHF,2016-03-31,108.9
BISBCHR Index,CHF,2016-04-30,109.45
BISBCHR Index,CHF,2016-05-31,108.21
BISBCHR Index,CHF,2016-06-30,109.48
BISBCHR Index,CHF,2016-07-31,109.16
BISBCHR Index,CHF,2016-08-31,109.1
BISBCHR Index,CHF,2016-09-30,108.58
BISBCHR Index,CHF,2016-10-31,108.44
BISBCHR Index,CHF,2016-11-30,109.21
BISBCHR Index,CHF,2016-12-31,108.19
BISBCHR Index,CHF,2017-01-31,108.95
BISBCHR Index,CHF,2017-02-28,109.23
BISBCHR Index,CHF,2017-03-31,108.75
BISBCHR Index,CHF,2017-04-30,108.27
BISBCHR Index,CHF,2017-05-31,108.09
BISBCHR Index,CHF,2017-06-30,108.77
BISBCHR Index,CHF,2017-07-31,107.88
BISBCHR Index,CHF,2017-08-31,105.29
BISBCHR Index,CHF,2017-09-30,104.54
BISBCHR Index,CHF,2017-10-31,103.56
BISBCHR Index,CHF,2017-11-30,102.52
BISBCHR Index,CHF,2017-12-31,101.91
BISBCHR Index,CHF,2018-01-31,102.32
BISBCHR Index,CHF,2018-02-28,104.8
BISBCHR Index,CHF,2018-03-31,103.54
BISBCHR Index,CHF,2018-04-30,101.78
BISBCHR Index,CHF,2018-05-31,101.82
BISBCHR Index,CHF,2018-06-30,103.6
BISBSER Index,SEK,2004-12-31,114.22
BISBSER Index,SEK,2005-01-31,112.26
BISBSER Index,SEK,2005-02-28,111.35
BISBSER Index,SEK,2005-03-31,111.34
BISBSER Index,SEK,2005-04-30,109.62
BISBSER Index,SEK,2005-05-31,108.52
BISBSER Index,SEK,2005-06-30,106.13
BISBSER Index,SEK,2005-07-31,103.91
BISBSER Index,SEK,2005-08-31,105.16
BISBSER Index,SEK,2005-09-30,105.03
BISBSER Index,SEK,2005-10-31,103.69
BISBSER Index,SEK,2005-11-30,101.66
BISBSER Index,SEK,2005-12-31,103
BISBSER Index,SEK,2006-01-31,103.92
BISBSER Index,SEK,2006-02-28,103.22
BISBSER Index,SEK,2006-03-31,103.28
BISBSER Index,SEK,2006-04-30,104.4
BISBSER Index,SEK,2006-05-31,105.1
BISBSER Index,SEK,2006-06-30,106.43
BISBSER Index,SEK,2006-07-31,106.6
BISBSER Index,SEK,2006-08-31,106.59
BISBSER Index,SEK,2006-09-30,106.45
BISBSER Index,SEK,2006-10-31,106.32
BISBSER Index,SEK,2006-11-30,108.44
BISBSER Index,SEK,2006-12-31,109.38
BISBSER Index,SEK,2007-01-31,108.25
BISBSER Index,SEK,2007-02-28,107.09
BISBSER Index,SEK,2007-03-31,106.37
BISBSER Index,SEK,2007-04-30,107.45
BISBSER Index,SEK,2007-05-31,107.29
BISBSER Index,SEK,2007-06-30,105.59
BISBSER Index,SEK,2007-07-31,107.46
BISBSER Index,SEK,2007-08-31,105.65
BISBSER Index,SEK,2007-09-30,107.12
BISBSER Index,SEK,2007-10-31,108.8
BISBSER Index,SEK,2007-11-30,108.45
BISBSER Index,SEK,2007-12-31,106.55
BISBSER Index,SEK,2008-01-31,105.9
BISBSER Index,SEK,2008-02-29,106.29
BISBSER Index,SEK,2008-03-31,107.74
BISBSER Index,SEK,2008-04-30,108.63
BISBSER Index,SEK,2008-05-31,108.71
BISBSER Index,SEK,2008-06-30,107.97
BISBSER Index,SEK,2008-07-31,106.79
BISBSER Index,SEK,2008-08-31,106.42
BISBSER Index,SEK,2008-09-30,104.87
BISBSER Index,SEK,2008-10-31,101.05
BISBSER Index,SEK,2008-11-30,97.73
BISBSER Index,SEK,2008-12-31,93.56
BISBSER Index,SEK,2009-01-31,93.63
BISBSER Index,SEK,2009-02-28,91.18
BISBSER Index,SEK,2009-03-31,89.84
BISBSER Index,SEK,2009-04-30,91.72
BISBSER Index,SEK,2009-05-31,94.18
BISBSER Index,SEK,2009-06-30,92.21
BISBSER Index,SEK,2009-07-31,92.37
BISBSER Index,SEK,2009-08-31,97.73
BISBSER Index,SEK,2009-09-30,98.63
BISBSER Index,SEK,2009-10-31,97.91
BISBSER Index,SEK,2009-11-30,97.47
BISBSER Index,SEK,2009-12-31,96.21
BISBSER Index,SEK,2010-01-31,96.67
BISBSER Index,SEK,2010-02-28,97.94
BISBSER Index,SEK,2010-03-31,99.28
BISBSER Index,SEK,2010-04-30,98.82
BISBSER Index,SEK,2010-05-31,97.35
BISBSER Index,SEK,2010-06-30,97.44
BISBSER Index,SEK,2010-07-31,99.22
BISBSER Index,SEK,2010-08-31,99.59
BISBSER Index,SEK,2010-09-30,102.45
BISBSER Index,SEK,2010-10-31,103.68
BISBSER Index,SEK,2010-11-30,102.79
BISBSER Index,SEK,2010-12-31,104.78
BISBSER Index,SEK,2011-01-31,105.91
BISBSER Index,SEK,2011-02-28,108.16
BISBSER Index,SEK,2011-03-31,107.72
BISBSER Index,SEK,2011-04-30,107.38
BISBSER Index,SEK,2011-05-31,107.2
BISBSER Index,SEK,2011-06-30,105.27
BISBSER Index,SEK,2011-07-31,104.7
BISBSER Index,SEK,2011-08-31,104.48
BISBSER Index,SEK,2011-09-30,104.5
BISBSER Index,SEK,2011-10-31,104.66
BISBSER Index,SEK,2011-11-30,104.28
BISBSER Index,SEK,2011-12-31,104.75
BISBSER Index,SEK,2012-01-31,104.71
BISBSER Index,SEK,2012-02-29,105.41
BISBSER Index,SEK,2012-03-31,104.19
BISBSER Index,SEK,2012-04-30,104.25
BISBSER Index,SEK,2012-05-31,102.14
BISBSER Index,SEK,2012-06-30,103.07
BISBSER Index,SEK,2012-07-31,105.79
BISBSER Index,SEK,2012-08-31,108.85
BISBSER Index,SEK,2012-09-30,107.14
BISBSER Index,SEK,2012-10-31,105.59
BISBSER Index,SEK,2012-11-30,105.19
BISBSER Index,SEK,2012-12-31,105.4
BISBSER Index,SEK,2013-01-31,106.01
BISBSER Index,SEK,2013-02-28,107.99
BISBSER Index,SEK,2013-03-31,109.1
BISBSER Index,SEK,2013-04-30,107.71
BISBSER Index,SEK,2013-05-31,106.28
BISBSER Index,SEK,2013-06-30,105.73
BISBSER Index,SEK,2013-07-31,106.11
BISBSER Index,SEK,2013-08-31,106.23
BISBSER Index,SEK,2013-09-30,106.49
BISBSER Index,SEK,2013-10-31,105.86
BISBSER Index,SEK,2013-11-30,104.22
BISBSER Index,SEK,2013-12-31,104.17
BISBSER Index,SEK,2014-01-31,104.86
BISBSER Index,SEK,2014-02-28,104.62
BISBSER Index,SEK,2014-03-31,104.64
BISBSER Index,SEK,2014-04-30,102.53
BISBSER Index,SEK,2014-05-31,102.21
BISBSER Index,SEK,2014-06-30,101.22
BISBSER Index,SEK,2014-07-31,99.4
BISBSER Index,SEK,2014-08-31,99.37
BISBSER Index,SEK,2014-09-30,98.37
BISBSER Index,SEK,2014-10-31,98.37
BISBSER Index,SEK,2014-11-30,97.9
BISBSER Index,SEK,2014-12-31,96.85
BISBSER Index,SEK,2015-01-31,94.85
BISBSER Index,SEK,2015-02-28,93.23
BISBSER Index,SEK,2015-03-31,93.78
BISBSER Index,SEK,2015-04-30,92.09
BISBSER Index,SEK,2015-05-31,93.34
BISBSER Index,SEK,2015-06-30,94.11
BISBSER Index,SEK,2015-07-31,92.88
BISBSER Index,SEK,2015-08-31,92.74
BISBSER Index,SEK,2015-09-30,94.94
BISBSER Index,SEK,2015-10-31,95.08
BISBSER Index,SEK,2015-11-30,93.94
BISBSER Index,SEK,2015-12-31,95.84
BISBSER Index,SEK,2016-01-31,96.59
BISBSER Index,SEK,2016-02-29,95.76
BISBSER Index,SEK,2016-03-31,96.33
BISBSER Index,SEK,2016-04-30,97.28
BISBSER Index,SEK,2016-05-31,96.4
BISBSER Index,SEK,2016-06-30,95.69
BISBSER Index,SEK,2016-07-31,94.39
BISBSER Index,SEK,2016-08-31,94.24
BISBSER Index,SEK,2016-09-30,93.43
BISBSER Index,SEK,2016-10-31,91.93
BISBSER Index,SEK,2016-11-30,90.49
BISBSER Index,SEK,2016-12-31,91.54
BISBSER Index,SEK,2017-01-31,93.08
BISBSER Index,SEK,2017-02-28,93.3
BISBSER Index,SEK,2017-03-31,92.69
BISBSER Index,SEK,2017-04-30,92.15
BISBSER Index,SEK,2017-05-31,92.18
BISBSER Index,SEK,2017-06-30,92.24
BISBSER Index,SEK,2017-07-31,95.21
BISBSER Index,SEK,2017-08-31,95.96
BISBSER Index,SEK,2017-09-30,95.87
BISBSER Index,SEK,2017-10-31,94.75
BISBSER Index,SEK,2017-11-30,92.68
BISBSER Index,SEK,2017-12-31,92.18
BISBSER Index,SEK,2018-01-31,92.94
BISBSER Index,SEK,2018-02-28,92.65
BISBSER Index,SEK,2018-03-31,90.52
BISBSER Index,SEK,2018-04-30,88.89
BISBSER Index,SEK,2018-05-31,88.45
BISBSER Index,SEK,2018-06-30,89.11
